ID,Title,Type,Status,Classification,Gate classification,Priority,Stage,Owner,Layers,Tests required,Dependencies,Owner decision,Next action,Blocked/Deferred reason,Source,Updated
DEVICE-001,QA على أجهزة فعلية وWebKit وPWA,QUALITY,BLOCKED,FIX_BEFORE_PILOT,NOT_APPLICABLE,P1,stage-7,Product owner / Manus coordination,device; accessibility; pwa,Focused automated tests | Failure/recovery path where applicable | Evidence on main or explicit device limitation,UX-001; REL-001,توفير الأجهزة والبيئة الفعلية.,"أغلق سبب الحجب قبل بدء العمل؛ الاعتماديات الحالية: UX-001, REL-001.","الاعتماديات أو البيئة المطلوبة لم تكتمل: UX-001, REL-001",reports/agent-report/2026-09-18_wave-4-4-system-quality-final-qa/report.md,2026-09-19
LEGAL-001,مراجعة أردنية مالية وقانونية,RESEARCH,BLOCKED,RELEASE_GATE,NOT_APPLICABLE,P1,stage-8,Product owner / Manus coordination,legal; product-scope,Source/report comparison | Explicit unknowns and limits | Owner decision or pilot evidence,FIN-007,اختيار مختص ونطاق المراجعة.,أغلق سبب الحجب قبل بدء العمل؛ الاعتماديات الحالية: FIN-007.,الاعتماديات أو البيئة المطلوبة لم تكتمل: FIN-007,docs/operations/control/README.md,2026-09-19
PILOT-001,قرار بدء Pilot,RELEASE,BLOCKED,RELEASE_GATE,RELEASE_GATE,P1,stage-10,Product owner / Manus coordination,release; pilot,End-to-end acceptance scenarios | Independent review evidence | Owner release decision,CTRL-001; CTRL-002; G-001; G-002; G-003; G-004; G-005; G-006; OPS-001; OPS-002; OPS-003; OPS-004; OPS-005; OPS-006; OPS-007; OPS-008; OPS-009; FIN-001; FIN-002; FIN-003; FIN-004; FIN-005; FIN-006; FIN-007; FIN-008; CLEAN-001; UX-001; REL-001; DEVICE-001; LEGAL-001; UAT-001; AUDIT-001; HARD-009; HARD-010; HARD-011,قرار إطلاق Pilot بعد VERIFIED لكل required_items ومراجعة الحزمة النهائية.,لا يصبح Ready ولا يبدأ قبل VERIFIED لكل required_items في PRE-PILOT، ثم قرار المالك؛ لا يبدأ تلقائيًا بنجاح CI.,المراحل 0–9 وبوابات المنتج والجهاز والقانون وUAT والتدقيق لم تثبت كلها VERIFIED على main.,docs/operations/control/README.md,2026-09-19
UX-001,إعادة تصميم UI وUX جذرية,FEATURE,IN_PROGRESS,FIX_BEFORE_PILOT,DEPENDENCY_GATE_REQUIRED_BEFORE_PILOT,P1,stage-5,Product owner / Manus coordination,ui/ux; presentation,Domain/Service tests | DOM/Integration tests where UI is involved | Export/import or migration evidence where persistence changes | Merge and verification evidence on main,CLEAN-001,قرارات المالك المعتمدة في Phase 0 وPhase 1 (2026-09-24): Bold Modular V2 هو مرجع الاتجاه البصري، وMicro هو المرجع للوظائف والبيانات والعقود المالية والسلوك التشغيلي، بينما يُراجع Documents حسب الموضوع والإصدار. يبقى #D97757 لون الهوية، ويُسجل #A94630 كاتجاه مستقبلي للفعل الصلب دون تعديل Tokens أو Documents في الإغلاق. تُفصل دلالة الحالة عن الاستعجال؛ تُعتمد Alexandria للواجهة مع إبقاء IBM Plex Mono للأرقام حتى التحقق؛ يُحافَظ على عقد المال/العرض ذي المنزلتين؛ لا تُحوّل السلبية تلقائيًا إلى Danger؛ تبقى نتيجة الفترة المسجلة ومفردات Micro وقواعد due-today؛ V2 Shell وOVR-SNAPSHOT-ALL وعرض الكل اتجاهات موجات لاحقة؛ لا رفع لسقف الحزمة مسبقًا؛ ولا إعادة هيكلة واسعة أو نقل جماعي دون بوابة بنيوية مستقلة. لا نسخ مباشر من الاستوديو ولا مصدر Tokens منافس.,WS-182 وWS-183 مدموجان ومتحققان على main حتى 6fdfe32c340e6dd3bb65851ed64192b0476d81e9 ضمن نطاق موجتي الأساسات وتكيف السطح المشترك. UX-001 تبقى IN_PROGRESS ولا تُرفع إلى VERIFIED: ما زالت بوابات الجهاز الحقيقي، TalkBack/VoiceOver، 320–412px مع 150/200%، UAT، ومراجعة النطاقات المؤجلة (Shell/الحساب، SnapshotDeck/عرض الكل، Skeletons، الرسوم، وتقارب Field/Row البنيوي) تحتاج تنفيذًا أو قرارًا منفصلًا.,تنفيذ مؤجل حتى استقرار الوظائف واعتماد الاتجاه وBenchmark، لكنه متطلب Gate قبل Pilot؛ لا يتجاوز بوابة الإصدار.,reports/agent-report/2026-09-17_wave-4-1-product-ux-blueprint/report.md,2026-09-24
AUDIT-001,تدقيق مستقل نهائي قبل الـPilot,QUALITY,BACKLOG,RELEASE_GATE,NOT_APPLICABLE,P1,stage-9,Product owner / Manus coordination,uat; audit; cross-layer,Focused automated tests | Failure/recovery path where applicable | Evidence on main or explicit device limitation,UAT-001,,حوّل البند إلى READY بعد تحقق الاعتماديات (UAT-001) ومعيار القبول.,,docs/operations/control/README.md,2026-09-19
UAT-001,قبول داخلي ببيانات Demo كاملة,QUALITY,BACKLOG,RELEASE_GATE,NOT_APPLICABLE,P1,stage-9,Product owner / Manus coordination,uat; audit; cross-layer,Focused automated tests | Failure/recovery path where applicable | Evidence on main or explicit device limitation,DEVICE-001; LEGAL-001,,"حوّل البند إلى READY بعد تحقق الاعتماديات (DEVICE-001, LEGAL-001) ومعيار القبول.",,docs/operations/control/README.md,2026-09-19
GOV-001,مصالحة G10-A مع تعارض عقد C1,DECISION,REVIEW_REQUIRED,GOVERNANCE,NOT_APPLICABLE,P1,governance,Product owner / Manus coordination,governance; contracts,Domain/Service tests | DOM/Integration tests where UI is involved | Export/import or migration evidence where persistence changes | Merge and verification evidence on main,,هل يوحّد G10-A عقد C1 أم يبقى مؤجلًا؟,يُراجع التعارض مع المالك ثم يثبت القرار كعقد أو تأجيل؛ لا يبدأ تنفيذًا صامتًا.,,https://github.com/Qays7753/Documents/tree/main/reports/2026/2026-09-19/layered-financial-management-audit-001,2026-09-19
SCOPE-001,بوابة POS وCRM وWhatsApp والمزامنة وAuth والصلاحيات وCloud,DECISION,DEFERRED,FUTURE_SCOPE,OUT_OF_SCOPE,P1,future-scope,Product owner / Manus coordination,future-scope,Domain/Service tests | DOM/Integration tests where UI is involved | Export/import or migration evidence where persistence changes | Merge and verification evidence on main,,تحديد بوابة مستقلة لكل توسع مستقبلًا.,لا تبدأ؛ أعد الفتح فقط بعد دليل، عقد، وقرار مالك مستقل خارج نطاق Pilot الحالي.,OUT_OF_SCOPE؛ لا يدخل PRE-PILOT ولا يتحول إلى Feature قبل نطاق وعقد وقرار مستقل.,https://github.com/Qays7753/Documents/tree/main/reports/2026/2026-09-19/layered-financial-management-audit-001,2026-09-19
BE-001,مصاريف متكررة محلية,FEATURE,DEFERRED,HISTORICAL,DUPLICATE_HISTORICAL,P2,build-after-evidence,Product owner / Manus coordination,future-capability,Domain/Service tests | DOM/Integration tests where UI is involved | Export/import or migration evidence where persistence changes | Merge and verification evidence on main,,,"لا تنشئ Claim مستقلًا؛ تابع ('DUPLICATE_HISTORICAL', 'OPS-003') بوصفه المالك الحي للقدرة، وأبقِ هذا السجل مرجعًا تاريخيًا.",DUPLICATE_HISTORICAL؛ محفوظ للتتبع ولا يتجاوز البوابة ولا يفتح تنفيذًا موازيًا.,https://github.com/Qays7753/Documents/tree/main/reports/2026/2026-09-19/layered-financial-management-audit-001,2026-09-19
BE-002,ميزانيات وأهداف بسيطة,FEATURE,DEFERRED,HISTORICAL,DUPLICATE_HISTORICAL,P2,build-after-evidence,Product owner / Manus coordination,future-capability,Domain/Service tests | DOM/Integration tests where UI is involved | Export/import or migration evidence where persistence changes | Merge and verification evidence on main,,,"لا تنشئ Claim مستقلًا؛ تابع ('DUPLICATE_HISTORICAL', 'FIN-002') بوصفه المالك الحي للقدرة، وأبقِ هذا السجل مرجعًا تاريخيًا.",DUPLICATE_HISTORICAL؛ محفوظ للتتبع ولا يتجاوز البوابة ولا يفتح تنفيذًا موازيًا.,https://github.com/Qays7753/Documents/tree/main/reports/2026/2026-09-19/layered-financial-management-audit-001,2026-09-19
BE-003,ربحية المنتج عبر الفترات بمعرف كتالوج ثابت,FEATURE,DEFERRED,HISTORICAL,DUPLICATE_HISTORICAL,P2,build-after-evidence,Product owner / Manus coordination,future-capability,Domain/Service tests | DOM/Integration tests where UI is involved | Export/import or migration evidence where persistence changes | Merge and verification evidence on main,,,"لا تنشئ Claim مستقلًا؛ تابع ('DUPLICATE_HISTORICAL', 'FIN-006') بوصفه المالك الحي للقدرة، وأبقِ هذا السجل مرجعًا تاريخيًا.",DUPLICATE_HISTORICAL؛ محفوظ للتتبع ولا يتجاوز البوابة ولا يفتح تنفيذًا موازيًا.,https://github.com/Qays7753/Documents/tree/main/reports/2026/2026-09-19/layered-financial-management-audit-001,2026-09-19
BE-004,إغلاق فترة رسمي,FEATURE,DEFERRED,PILOT_VALIDATION,PILOT_EVIDENCE_REQUIRED,P2,build-after-evidence,Product owner / Manus coordination,future-capability,Domain/Service tests | DOM/Integration tests where UI is involved | Export/import or migration evidence where persistence changes | Merge and verification evidence on main,,,أضف السؤال إلى بروتوكول Pilot، ثم سجّل النتيجة والقرار قبل فتح أي تنفيذ.,PILOT_EVIDENCE_REQUIRED؛ لا يبدأ قبل دليل Pilot وقرار مالك، ولا يمثل متطلبًا مستقلًا قبل Pilot.,https://github.com/Qays7753/Documents/tree/main/reports/2026/2026-09-19/layered-financial-management-audit-001,2026-09-19
BE-005,تقادم الديون بشرائح 30/60/90,FEATURE,DEFERRED,PILOT_VALIDATION,PILOT_EVIDENCE_REQUIRED,P2,build-after-evidence,Product owner / Manus coordination,future-capability,Domain/Service tests | DOM/Integration tests where UI is involved | Export/import or migration evidence where persistence changes | Merge and verification evidence on main,,,أضف السؤال إلى بروتوكول Pilot، ثم سجّل النتيجة والقرار قبل فتح أي تنفيذ.,PILOT_EVIDENCE_REQUIRED؛ لا يبدأ قبل دليل Pilot وقرار مالك، ولا يمثل متطلبًا مستقلًا قبل Pilot.,https://github.com/Qays7753/Documents/tree/main/reports/2026/2026-09-19/layered-financial-management-audit-001,2026-09-19
SCOPE-002,الموارد وقدرة المواد والتوسع التشغيلي,RESEARCH,DEFERRED,FUTURE_SCOPE,OUT_OF_SCOPE,P2,future-scope,Product owner / Manus coordination,future-scope,Source/report comparison | Explicit unknowns and limits | Owner decision or pilot evidence,,,لا تبدأ؛ أعد الفتح فقط بعد دليل، عقد، وقرار مالك مستقل خارج نطاق Pilot الحالي.,OUT_OF_SCOPE؛ لا يدخل PRE-PILOT ولا يتحول إلى Feature قبل نطاق وعقد وقرار مستقل.,https://github.com/Qays7753/Documents/tree/main/reports/2026/2026-09-19/layered-financial-management-audit-001,2026-09-19
UX-002,Backlog الموجة الرابعة في عقد الملكية,QUALITY,DEFERRED,FUTURE_SCOPE,OUT_OF_SCOPE,P2,post-pilot-gate,Product owner / Manus coordination,post-pilot,Focused automated tests | Failure/recovery path where applicable | Evidence on main or explicit device limitation,,,لا تبدأ؛ أعد الفتح فقط بعد دليل، عقد، وقرار مالك مستقل خارج نطاق Pilot الحالي.,OUT_OF_SCOPE؛ لا يدخل PRE-PILOT ولا يتحول إلى Feature قبل نطاق وعقد وقرار مستقل.,https://github.com/Qays7753/Documents/tree/main/reports/2026/2026-09-19/layered-financial-management-audit-001,2026-09-19
V-001,V-01 — التقاط تواريخ استحقاق المشتريات,RESEARCH,DEFERRED,PILOT_VALIDATION,PILOT_EVIDENCE_REQUIRED,P2,pilot-validation,Product owner / Manus coordination,pilot-validation,Pilot observation protocol | Evidence log with denominator and outcome | Owner decision before any Feature claim,,,أضف السؤال إلى بروتوكول Pilot، ثم سجّل النتيجة والقرار قبل فتح أي تنفيذ.,PILOT_EVIDENCE_REQUIRED؛ فرضية تحقق أثناء Pilot وليست Feature قبل دليل وقرار.,https://github.com/Qays7753/Documents/tree/main/reports/2026/2026-09-19/layered-financial-management-audit-001,2026-09-19
V-002,V-02 — متوقعات الكاش القصيرة,RESEARCH,DEFERRED,PILOT_VALIDATION,PILOT_EVIDENCE_REQUIRED,P2,pilot-validation,Product owner / Manus coordination,pilot-validation,Pilot observation protocol | Evidence log with denominator and outcome | Owner decision before any Feature claim,,,أضف السؤال إلى بروتوكول Pilot، ثم سجّل النتيجة والقرار قبل فتح أي تنفيذ.,PILOT_EVIDENCE_REQUIRED؛ فرضية تحقق أثناء Pilot وليست Feature قبل دليل وقرار.,https://github.com/Qays7753/Documents/tree/main/reports/2026/2026-09-19/layered-financial-management-audit-001,2026-09-19
V-003,V-03 — أجندة القادم المجمعة بالتاريخ,RESEARCH,DEFERRED,PILOT_VALIDATION,PILOT_EVIDENCE_REQUIRED,P2,pilot-validation,Product owner / Manus coordination,pilot-validation,Pilot observation protocol | Evidence log with denominator and outcome | Owner decision before any Feature claim,,,أضف السؤال إلى بروتوكول Pilot، ثم سجّل النتيجة والقرار قبل فتح أي تنفيذ.,PILOT_EVIDENCE_REQUIRED؛ فرضية تحقق أثناء Pilot وليست Feature قبل دليل وقرار.,https://github.com/Qays7753/Documents/tree/main/reports/2026/2026-09-19/layered-financial-management-audit-001,2026-09-19
V-004,V-04 — عرض التغطية عند قرار السحب,RESEARCH,DEFERRED,PILOT_VALIDATION,PILOT_EVIDENCE_REQUIRED,P2,pilot-validation,Product owner / Manus coordination,pilot-validation,Pilot observation protocol | Evidence log with denominator and outcome | Owner decision before any Feature claim,,,أضف السؤال إلى بروتوكول Pilot، ثم سجّل النتيجة والقرار قبل فتح أي تنفيذ.,PILOT_EVIDENCE_REQUIRED؛ فرضية تحقق أثناء Pilot وليست Feature قبل دليل وقرار.,https://github.com/Qays7753/Documents/tree/main/reports/2026/2026-09-19/layered-financial-management-audit-001,2026-09-19
V-005,V-05 — مقارنة فترتين بسيطة,RESEARCH,DEFERRED,PILOT_VALIDATION,PILOT_EVIDENCE_REQUIRED,P2,pilot-validation,Product owner / Manus coordination,pilot-validation,Pilot observation protocol | Evidence log with denominator and outcome | Owner decision before any Feature claim,,,أضف السؤال إلى بروتوكول Pilot، ثم سجّل النتيجة والقرار قبل فتح أي تنفيذ.,PILOT_EVIDENCE_REQUIRED؛ فرضية تحقق أثناء Pilot وليست Feature قبل دليل وقرار.,https://github.com/Qays7753/Documents/tree/main/reports/2026/2026-09-19/layered-financial-management-audit-001,2026-09-19
V-006,V-06 — جسر ربح إلى كاش رقمي,RESEARCH,DEFERRED,PILOT_VALIDATION,PILOT_EVIDENCE_REQUIRED,P2,pilot-validation,Product owner / Manus coordination,pilot-validation,Pilot observation protocol | Evidence log with denominator and outcome | Owner decision before any Feature claim,,,أضف السؤال إلى بروتوكول Pilot، ثم سجّل النتيجة والقرار قبل فتح أي تنفيذ.,PILOT_EVIDENCE_REQUIRED؛ فرضية تحقق أثناء Pilot وليست Feature قبل دليل وقرار.,https://github.com/Qays7753/Documents/tree/main/reports/2026/2026-09-19/layered-financial-management-audit-001,2026-09-19
V-007,V-07 — تنبيه انخفاض المواد,RESEARCH,DEFERRED,PILOT_VALIDATION,PILOT_EVIDENCE_REQUIRED,P2,pilot-validation,Product owner / Manus coordination,pilot-validation,Pilot observation protocol | Evidence log with denominator and outcome | Owner decision before any Feature claim,,,أضف السؤال إلى بروتوكول Pilot، ثم سجّل النتيجة والقرار قبل فتح أي تنفيذ.,PILOT_EVIDENCE_REQUIRED؛ فرضية تحقق أثناء Pilot وليست Feature قبل دليل وقرار.,https://github.com/Qays7753/Documents/tree/main/reports/2026/2026-09-19/layered-financial-management-audit-001,2026-09-19
V-008,V-08 — مصروف اليوم على الرئيسية,RESEARCH,DEFERRED,PILOT_VALIDATION,PILOT_EVIDENCE_REQUIRED,P2,pilot-validation,Product owner / Manus coordination,pilot-validation,Pilot observation protocol | Evidence log with denominator and outcome | Owner decision before any Feature claim,,,أضف السؤال إلى بروتوكول Pilot، ثم سجّل النتيجة والقرار قبل فتح أي تنفيذ.,PILOT_EVIDENCE_REQUIRED؛ فرضية تحقق أثناء Pilot وليست Feature قبل دليل وقرار.,https://github.com/Qays7753/Documents/tree/main/reports/2026/2026-09-19/layered-financial-management-audit-001,2026-09-19
V-009,V-09 — رقم السحب الآمن الموحد,RESEARCH,DEFERRED,PILOT_VALIDATION,PILOT_EVIDENCE_REQUIRED,P2,pilot-validation,Product owner / Manus coordination,pilot-validation,Pilot observation protocol | Evidence log with denominator and outcome | Owner decision before any Feature claim,,,أضف السؤال إلى بروتوكول Pilot، ثم سجّل النتيجة والقرار قبل فتح أي تنفيذ.,PILOT_EVIDENCE_REQUIRED؛ فرضية تحقق أثناء Pilot وليست Feature قبل دليل وقرار.,https://github.com/Qays7753/Documents/tree/main/reports/2026/2026-09-19/layered-financial-management-audit-001,2026-09-19
V-010,V-10 — كثافة صفحة المالية,RESEARCH,DEFERRED,PILOT_VALIDATION,PILOT_EVIDENCE_REQUIRED,P2,pilot-validation,Product owner / Manus coordination,pilot-validation,Pilot observation protocol | Evidence log with denominator and outcome | Owner decision before any Feature claim,,,أضف السؤال إلى بروتوكول Pilot، ثم سجّل النتيجة والقرار قبل فتح أي تنفيذ.,PILOT_EVIDENCE_REQUIRED؛ فرضية تحقق أثناء Pilot وليست Feature قبل دليل وقرار.,https://github.com/Qays7753/Documents/tree/main/reports/2026/2026-09-19/layered-financial-management-audit-001,2026-09-19
V-011,V-11 — فهم نموذج التوزيع الصريح للكاش,RESEARCH,DEFERRED,PILOT_VALIDATION,PILOT_EVIDENCE_REQUIRED,P2,pilot-validation,Product owner / Manus coordination,pilot-validation,Pilot observation protocol | Evidence log with denominator and outcome | Owner decision before any Feature claim,,,أضف السؤال إلى بروتوكول Pilot، ثم سجّل النتيجة والقرار قبل فتح أي تنفيذ.,PILOT_EVIDENCE_REQUIRED؛ فرضية تحقق أثناء Pilot وليست Feature قبل دليل وقرار.,https://github.com/Qays7753/Documents/tree/main/reports/2026/2026-09-19/layered-financial-management-audit-001,2026-09-19
V-012,V-12 — تسجيل الإهلاك بعد شهر استخدام,RESEARCH,DEFERRED,PILOT_VALIDATION,PILOT_EVIDENCE_REQUIRED,P2,pilot-validation,Product owner / Manus coordination,pilot-validation,Pilot observation protocol | Evidence log with denominator and outcome | Owner decision before any Feature claim,,,أضف السؤال إلى بروتوكول Pilot، ثم سجّل النتيجة والقرار قبل فتح أي تنفيذ.,PILOT_EVIDENCE_REQUIRED؛ فرضية تحقق أثناء Pilot وليست Feature قبل دليل وقرار.,https://github.com/Qays7753/Documents/tree/main/reports/2026/2026-09-19/layered-financial-management-audit-001,2026-09-19
ARCH-001,مسح معماري/بنيوي للقراءة فقط وخطة انتقال CURRENT→TARGET→MIGRATION WAVES — المرحلة الأولى لبرنامج إعادة الهيكلة,RESEARCH,VERIFIED,GOVERNANCE,NOT_APPLICABLE,P1,architecture-refactoring-phase1,Product owner / Z AI (Phase-1 report agent),documentation; architecture-governance,python3 scripts/operations-control/validate.py (بعد إعادة توليد Views بالمولد الرسمي) | node scripts/check-doc-index-coverage.mjs | node scripts/check-secrets.mjs | git diff --check وفحص المسارات الممنوعة في diff كامل,,قرار المالك مطلوب: قبول التقرير وتصنيفات المكتشفات (بوابة E) ثم اعتماد تسلسل الموجات المقترح ودفعة FIX_NOW التوثيقية؛ لا تبدأ أي موجة كتابة تلقائيًا.,مغلق: التقرير مقبول ومدمج ومتحقق؛ التنفيذ في WS-212.,,docs/architecture/refactoring/REFACTORING-ARCHITECTURE-AND-MIGRATION-PLAN.md,2026-10-03
ARCH-002,الموجة 3A — أساس التكافؤ: ذهبيات التصدير/الاستيراد + اختبارات وصف مباشرة لعنقود النقل (STR-401/405),RESEARCH,VERIFIED,HARDENING,NOT_APPLICABLE,P1,architecture-remediation-wave-3a,agent:remediation-program,application; storage; tests,pnpm --filter @micro/prototype-web test -- exportGoldens | pnpm --filter @micro/prototype-web test -- transferFamilyValidators.characterization transferEnvelope.characterization transferCounters.characterization transferSnapshotValidation.characterization transferSnapshotMigrations.characterization | pnpm --filter @micro/prototype-web test,,,مغلق لنطاقه (3A). الموجات المتبقية 4C/4D/4E تُدار عبر WS-212 ببطاقات RC-7/8/9.,,docs/architecture/refactoring/REFACTORING-ARCHITECTURE-AND-MIGRATION-PLAN.md,2026-10-03
ARCH-004,برنامج إكمال A-to-Z البنيوي — تنفيذ جذري معتمد (Post-Closure A-to-Z Structural Completion),RESEARCH,VERIFIED,GOVERNANCE,NOT_APPLICABLE,P1,atoz-structural-completion-implementation,Micro owner (Qays7753),domain; application; storage; scripts; docs,فحوص مركزة لكل موجة توثيقية (validate/doc-index/secrets/diff-check) | الجناحان كاملان + typecheck/lint/format + guards + ميزانية الحزمة لكل موجة كودية B-F | تدقيق Y معاد مستقل عند الإغلاق,,التفويض المجمع نُفذ؛ الإغلاق البنيوي متحقق على main عند PR #311. لا موجة جديدة دون مسح قراءة-فقط وقبول مالك جديد.,لا إجراء داخل البرنامج — A-to-Z متحقق على main؛ المجمد البنيوي فعال، وأي مسار مستقبلي يحتاج بوابة جديدة.,,docs/architecture/refactoring/REFACTORING-ARCHITECTURE-AND-MIGRATION-PLAN.md,2026-10-05
CTRL-001,اعتماد Operations Control v2,GOVERNANCE,VERIFIED,GOVERNANCE,NOT_APPLICABLE,P1,stage-0,Product owner / Manus coordination,governance; documentation,Validator/schema test | Generated-view freshness check | Owner review evidence,,تم اعتماد الإغلاق بعد دمج PR #188 والتحقق من main؛ لا يفتح Claim كودي بهذا السجل.,لا إجراء؛ سجل Operations Control v2 مدموج ومثبت على main. التنفيذ التالي يبدأ من G-001..G-006 في Claim مستقل.,,docs/operations/control/README.md,2026-09-19
CTRL-002,مصالحة القدرات والتقارير ومصادر الحقيقة,GOVERNANCE,VERIFIED,GOVERNANCE,EVIDENCE_RECONCILIATION_REQUIRED,P1,stage-0,Product owner / Manus coordination,governance; documentation,Validator/schema test | Generated-view freshness check | Owner review evidence,,تم اعتماد الإغلاق بعد دمج PR #188 والتحقق من main؛ لا يفتح Claim كودي بهذا السجل.,لا إجراء؛ مصالحة التفسير مثبتة، ويبقى فرق 49/46 فجوة مصدر لا تُحسم بلا جدول قابل لإعادة الحساب.,,docs/operations/control/README.md,2026-09-20
FIN-001,تسجيل اقتراض داخل المشروع,FEATURE,VERIFIED,FIX_BEFORE_PILOT,NOT_APPLICABLE,P1,stage-3,Product owner / Manus coordination,Layer 3; domain; application; presentation,Domain/Service tests | DOM/Integration tests where UI is involved | Export/import or migration evidence where persistence changes | Merge and verification evidence on main,CTRL-001,اعتماد سياسة القرض المأخوذ: الكاش والالتزام والمحفظة والسداد وفصل الأصل عن الرسوم/الفوائد.,لا فعل إضافي: منفذ ومتحقق على main (c4b412a).,,docs/operations/control/README.md,2026-09-23
FIN-003,مقارنة الفترات وجسر الربح إلى الكاش,FEATURE,VERIFIED,FIX_BEFORE_PILOT,NOT_APPLICABLE,P1,stage-3,Product owner / Manus coordination,Layer 3; domain; application; presentation,Domain/Service tests | DOM/Integration tests where UI is involved | Export/import or migration evidence where persistence changes | Merge and verification evidence on main,FIN-001,,مكتمل ومتحقق على main (WS-173 / PR #211 / 89e3c864e6008f6d7ec558be4950425fff71d651). لا فعل إضافي ضمن خارطة الطريق الحالية.,,docs/operations/control/README.md,2026-09-22
FIN-004,حد السحب الآمن للمالك,FEATURE,VERIFIED,FIX_BEFORE_PILOT,NOT_APPLICABLE,P1,stage-3,Product owner / Manus coordination,Layer 3; domain; application; presentation,Domain/Service tests | DOM/Integration tests where UI is involved | Export/import or migration evidence where persistence changes | Merge and verification evidence on main,FIN-003; FIN-005,,لا فعل إضافي: منفذ ومتحقق على main (92bc58a).,,docs/operations/control/README.md,2026-09-23
FIN-005,توقع الكاش والتصريحات المتوقعة,FEATURE,VERIFIED,FIX_BEFORE_PILOT,NOT_APPLICABLE,P1,stage-3,Product owner / Manus coordination,Layer 3; domain; application; presentation,Domain/Service tests | DOM/Integration tests where UI is involved | Export/import or migration evidence where persistence changes | Merge and verification evidence on main,OPS-001,,لا فعل إضافي: منفذ ومتحقق على main (119676f).,,docs/operations/control/README.md,2026-09-23
FIN-009,D-15 — تصحيح أساس الدين والتحصيل مع مساهمتي التوصيل,DEFECT,VERIFIED,FIX_BEFORE_PILOT,DEPENDENCY_GATE_REQUIRED_BEFORE_PILOT,P1,stage-2-d15-safety-slice,Product owner / Z AI execution with Manus coordination,domain; application; reports; tests,Domain tests للدين والتحصيل والعكس وحدود orderValueMinor | Application/domain contract tests لتمثيل صندوقي التوصيل وملخص القيمة دون UI | اختبار idempotency ورفض التحصيل الزائد دون كتابة | اختبار السجل التاريخي المتعارض دون إعادة كتابة أو needs_review تلقائي | مراجعة مستهلكي receivableMinor وcollectedMinor وsettlementStatus وnextAction | دليل PR وCI/Cloudflare وverified_on_main_sha قبل VERIFIED,,اعتمد المالك في 2026-09-27 نموذج الصندوقين: مساهمة المشروع في التوصيل ومساهمة العميل في التوصيل. مساهمة العميل المحصلة عبر المشروع تدخل قيمة الطلب مرة واحدة، ومساهمة المشروع لا تدخل دين العميل. Z AI هو منفذ الكود. لا يبدأ Group 1 قبل دمج FIN-009 والتحقق منه على main.,أُغلق FIN-009 (D-15-A) بالتنفيذ بلا UI عبر PR #247 المدموج Squash عند 542095c والمتحقق منه على main نفسه (CI + Cloudflare + اختبارات الموجة 467/467 محليًا على SHA الدمج). البوابة التالية المسموحة فقط: Group 1 — المصالحة المالية عبر كل الطبقات، بلا UI وفق الميثاق الرئيسي.,,docs/operations/control/evidence/group0-correction-2026-09-27/D15-REPAIR-CARD.md,2026-09-28
G-001,فخ الاستهلاك المزدوج عند التسليم,DEFECT,VERIFIED,FIX_BEFORE_PILOT,NOT_APPLICABLE,P1,audit-2026-09-19,Product owner / Manus coordination,cross-layer,"Domain/Service tests where the invariant is owned | DOM/Integration test for the affected journey | Live scenario with before/after evidence | Retry, partial failure, concurrency, or stale-read test as applicable | No regression in existing financial calculations | Merge and verification evidence on main",,,لا إجراء تنفيذي إضافي لهذا Finding؛ تبقى بوابة PRE-PILOT محجوبة حتى إغلاق بقية المتطلبات وقرار المالك.,,https://github.com/Qays7753/Documents/tree/main/reports/2026/2026-09-19/layered-financial-management-audit-001,2026-09-20
HARD-009,إثبات إغلاق مجموعة المعالجة 9,QUALITY,VERIFIED,HARDENING,MAIN_VERIFIED,P1,hardening-verification,Product owner / Manus coordination,governance; verification,Focused automated tests | Failure/recovery path where applicable | Evidence on main or explicit device limitation,,,لا إجراء؛ التنفيذ موثق ومثبت في main. أعد الفتح فقط بدليل جديد.,,https://github.com/Qays7753/Documents/tree/main/reports/2026/2026-09-19/layered-financial-management-audit-001,2026-09-19
HARD-010,إثبات إغلاق مجموعة المعالجة 10,QUALITY,VERIFIED,HARDENING,MAIN_VERIFIED,P1,hardening-verification,Product owner / Manus coordination,governance; verification,Focused automated tests | Failure/recovery path where applicable | Evidence on main or explicit device limitation,,,لا إجراء؛ التنفيذ موثق ومثبت في main. أعد الفتح فقط بدليل جديد.,,https://github.com/Qays7753/Documents/tree/main/reports/2026/2026-09-19/layered-financial-management-audit-001,2026-09-19
HARD-011,إثبات إغلاق مجموعة المعالجة 11,QUALITY,VERIFIED,HARDENING,MAIN_VERIFIED,P1,hardening-verification,Product owner / Manus coordination,governance; verification,Focused automated tests | Failure/recovery path where applicable | Evidence on main or explicit device limitation,,,لا إجراء؛ التنفيذ موثق ومثبت في main. أعد الفتح فقط بدليل جديد.,,https://github.com/Qays7753/Documents/tree/main/reports/2026/2026-09-19/layered-financial-management-audit-001,2026-09-19
HIST-001,الموجة الأولى: إصلاحات حرجة محددة,QUALITY,VERIFIED,HISTORICAL,NOT_APPLICABLE,P1,completed,Product owner / Manus coordination,historical-evidence,Focused automated tests | Failure/recovery path where applicable | Evidence on main or explicit device limitation,,,لا إجراء؛ لا يُعاد فتحه إلا بدليل جديد وتصنيف REOPENED.,,docs/operations/current-state.md,2026-09-17
HIST-002,الموجة الثانية: الأساسات المالية والبيانية,QUALITY,VERIFIED,HISTORICAL,NOT_APPLICABLE,P1,completed,Product owner / Manus coordination,historical-evidence,Focused automated tests | Failure/recovery path where applicable | Evidence on main or explicit device limitation,,,لا إجراء؛ لا يُعاد فتحه إلا بدليل جديد وتصنيف REOPENED.,,reports/agent-report/2026-09-17_wave-2-financial-data-foundations/report.md,2026-09-17
HIST-007,الموجة 4.4: الجودة النظامية والقبول المحلي,QUALITY,VERIFIED,HISTORICAL,NOT_APPLICABLE,P1,completed,Product owner / Manus coordination,historical-evidence,Focused automated tests | Failure/recovery path where applicable | Evidence on main or explicit device limitation,,,لا إجراء؛ لا يُعاد فتحه إلا بدليل جديد وتصنيف REOPENED.,,reports/agent-report/2026-09-18_wave-4-4-system-quality-final-qa/report.md,2026-09-18
OPS-001,المواعيد والاستحقاقات وتقادم الذمم الأساسي,FEATURE,VERIFIED,FIX_BEFORE_PILOT,NOT_APPLICABLE,P1,stage-2,Product owner / Manus coordination,Layer 2; application; presentation,Domain/Service tests | DOM/Integration tests where UI is involved | Export/import or migration evidence where persistence changes | Merge and verification evidence on main,CTRL-001,,لا إجراء؛ OPS-001 منفذ ومتحقق على main عند bf24bdbfe653e9f7cf8f14f93af9fe6019bd1cb6 (CI أخضر على SHA نفسه). الموجة 2 (OPS-005+OPS-006) تفتح Claim مستقلًا WS-165.,,docs/operations/control/README.md,2026-09-20
OPS-005,سطح قادم موحد للدفعات والتحصيلات والطلبات والالتزامات,FEATURE,VERIFIED,FIX_BEFORE_PILOT,NOT_APPLICABLE,P1,stage-2,Product owner / Manus coordination,Layer 2; application; presentation,Domain/Service tests | DOM/Integration tests where UI is involved | Export/import or migration evidence where persistence changes | Merge and verification evidence on main,CTRL-001; OPS-001,,لا إجراء؛ OPS-005 منفذ ومتحقق على main عند 18368558b6df0dfbc1b1910e961d1504e9e460fb (CI أخضر على SHA نفسه).,,https://github.com/Qays7753/Documents/tree/main/reports/2026/2026-09-19/layered-financial-management-audit-001,2026-09-20
OPS-009,حماية Cost Snapshot وإعلان النتيجة النهائية أو التقديرية,QUALITY,VERIFIED,FIX_BEFORE_PILOT,NOT_APPLICABLE,P1,stage-2,Product owner / Manus coordination,Layer 2; application; presentation,Focused automated tests | Failure/recovery path where applicable | Evidence on main or explicit device limitation,CTRL-001; OPS-007,,لا إجراء؛ OPS-009 منفذ ومتحقق على main عند 8986385fcab1e1ee38c376d938f2475b6ab1c86c (CI أخضر على SHA نفسه). الموجة 5 (OPS-008) تفتح Claim مستقلًا من رأس main المتحقق فقط.,,https://github.com/Qays7753/Documents/tree/main/reports/2026/2026-09-19/layered-financial-management-audit-001,2026-09-21
REL-001,اختبارات الصمود والفشل,QUALITY,VERIFIED,FIX_BEFORE_PILOT,NOT_APPLICABLE,P1,stage-6,Product owner / Manus coordination,storage; transfer; resilience,Focused automated tests | Failure/recovery path where applicable | Evidence on main or explicit device limitation,CLEAN-001,,لا فعل إضافي: فجوتا الصمود معبأتان ومتحققتان على main (027fc7b).,,docs/operations/control/README.md,2026-09-23
REM-001,Group 1 — المصالحة المالية عبر كل الطبقات (بلا UI),DEFECT,VERIFIED,FIX_BEFORE_PILOT,DEPENDENCY_GATE_REQUIRED_BEFORE_PILOT,P1,master-remediation-group-1,Product owner / Z AI execution with Manus coordination,application; domain; storage; tests,اختبار فحص التسوية على متجر نظيف (PASS) وعلى انحراف مزروع (FAIL) بلا كتابة | اختبار رفض استيراد ملف معدل الأجرة/العربون قبل الكتابة الذرية | اختبار ذهاب-وعودة لطلب ذي أجرة وعربون وعكس | اختبارات تكافؤ المرايا أو توحيدها | بوابة pnpm check كاملة عند حد PR لكل شريقة,FIN-009,الميثاق الرئيسي المعتمد 2026-09-27/28: Group 1 يبدأ فقط بعد دمج D-15-A والتحقق منه على main — تحقق عند 542095c ثم الإغلاق عند 80ec2c6. UI خارج البرنامج حصرًا.,"Group 1 مكتمل: F-004/F-005 (MIC-18 — PR #249)، F-007 (طبقية الاستيراد — PR #250)، F-049 غير المرئي وF-050 (PR #251)، وF-002/F-006/F-027 أُغلقت مع D-15-A. أجزاء العرض (F-003 ومعاينات F-049) = DEFERRED_UI. البوابة التالية: Group 2 (F-008..F-019, F-061).",,docs/operations/control/evidence/micro-master-remediation-2026-09-27/MICRO-MASTER-REMEDIATION-CHARTER-AR.md,2026-09-28
REM-002,Wave 2 — المعنى المالي والسياسات والحسابات (بلا UI),DEFECT,VERIFIED,FIX_BEFORE_PILOT,DEPENDENCY_GATE_REQUIRED_BEFORE_PILOT,P1,master-remediation-wave-2,Product owner / Z AI execution with Manus coordination,domain; application; docs; tests,اختبارات رفض المجال لغياب collectedMinor في الإنشاء والتعديل مع حل الحد الموثق مرة واحدة | اختبار ذهاب-وعودة لسجل بيع مباشر ما قبل X-06 (collected=revenue بلا collectionStatus) بلا إعادة تفسير | اختبار تكافؤ النموذج الواحد: insights وg5 يقرآن الرقم نفسه على المتجر نفسه (حالات: أساس، ثابت تقديري، وحدات مختلطة، مشترك بلا حصة، حركات مخزون) | اختبار رقمي مستقل: مكونات سطر التصدير تجمع إلى resultMinor بإشاراتها | اختبار إشارة المقارنة: التحسن موجب تحت ترتيب الاستدعاء الإنتاجي | اختبار حيادية معادلة فصل الخسارة غير النقدية وإعلان كلفة التوصيل | بوابة pnpm check كاملة عند حد PR لكل شريحة,REM-001,قرارات المالك المعتمدة في الموجة 2 من الميثاق الرئيسي (موحّد التعادل، القبض الصريح، المجهول لا يُعرض نتيجة نهائية، الشرح من التحلل الفعلي، الفصل الثلاثي للتوصيل)، وقرار D-03 محسوم بتاريخ 2026-09-29 (REM-006): projectDeliveryCostMinor حقل تحلل تفسيري لا يُطرح ثانية أبدًا كتكلفة ثانية عندما تكون الكلفة نفسها داخل المصدر الكنوني؛ null تعني غير مسجلة بعد لا صفرًا؛ والدفع المباشر للناقل سياق فقط؛ والأساس المعلن في عقد 05 §3.2.1 هو المرجع. الصياغة التاريخية السابقة (تعليق قرار الطرح قبل 2026-09-29) محفوظة كسجل مؤرخ في تقرير شريحة W2-D وسجل القرار D-040 — ليست قرارًا نشطًا.,W2-D (الإعلانات والعقود) عبر WS-191 ثم إغلاق الموجة 2 بتقريرها.,,docs/operations/control/evidence/micro-master-remediation-2026-09-27/MICRO-MASTER-REMEDIATION-CHARTER-AR.md,2026-09-29
REM-003,Wave 3 — العقود والمصطلحات والحالات الداخلية (بلا UI),DEFECT,VERIFIED,FIX_BEFORE_PILOT,DEPENDENCY_GATE_REQUIRED_BEFORE_PILOT,P1,master-remediation-wave-3,Product owner / Z AI execution with Manus coordination,application; storage; docs; tests,قلب موثق لدبوس المصطلح الممنوع مع حارس سلبي not.toContain | اختبارات التحلل والجسر وذهاب-وعودة exe014 خضراء بعد التبديلات | لا اختبارات UI جديدة — بنود العرض مؤجلة,REM-002,المفردات المستخدمة محسومة سلفًا: قاموس 08:93 («المحتسب عند التسليم») و08:103 («حالة الرقم») وقرار N-06 («منتجاتي وخدماتي») وعقد 43 (الإهلاك اقتراح غير نقدي) — لا مفردة جديدة تُخترع. البنود المحتاجة مفردات جديدة مؤجلة بقرار موثق (D-08/D-09 وس4/DF-05 وصوت العلامة لرأس الجسر).,الموجة 3 مغلقة VERIFIED على main d917140 (شرائحها: W3-A 47825ed وW3-B 98a3517 وW3-C d917140). البوابة التالية المسموحة فقط: الموجة 4 (التوثيق/السلطة/الثبات/التاريخ/الحراس — F-033..F-042 وF-044 وF-046 وF-047 وF-051..F-060) بClaim مستقل من أحدث origin/main وبلا UI.,,docs/operations/control/evidence/micro-master-remediation-2026-09-27/WAVE3-WAVE-REPORT-2026-09-29.md (derived from the historical concept-policy audit; PR #245 branch deleted after closure),2026-09-29
REM-004,Wave 4 — التوثيق والسلطة والثبات والتاريخ والحراس (بلا UI),DEFECT,VERIFIED,FIX_BEFORE_PILOT,DEPENDENCY_GATE_REQUIRED_BEFORE_PILOT,P1,master-remediation-wave-4,Product owner / Z AI execution with Manus coordination,docs; guards; persistence; history; tests,كل شريحة: بوابات validate/guards المباشرة + الاختبارات المركزة لما تلمسه | F-056/F-057: اختبارات الحراس الذاتية (أصناف مؤقتة) تتوسع مع النمط | F-058: أوراكلات يدوية مستقلة لعقدي 02/05 (لا نسخ معادلات الإنتاج),REM-003,المفردات والأرقام من الكود الحي (38/30 وقرش بمنزلتين — الميثاق نفسه قرر D-15). قرار المالك 2026-09-29: D-13/F-055 مؤجل بوضوح (لا calculationVersion الآن؛ لا يُضاف لاحقًا إلا بقرار عتبة ودلالة وقارئ للقديم، ومن دون إعادة كتابة التاريخ)، وQR-5/F-060 مؤجل بوضوح (لا احتساب لفائدة القروض ولا افتراض أنها صفر؛ تبقى غير مدعومة حتى اعتماد سياسة كاملة ومراجعة محاسب مؤهل). تبقى F-040 خلف D-12 وF-059 خلف D-11، ويستمر W4-B وما بعده من الشرائح المستقلة دون انتظار هذين القرارين.,الموجة 4 مغلقة VERIFIED على main e13a226 (شرائحها: W4-A d7b208a وW4-P1 05ef339 وW4-B ed0c703 وW4-C 46f51d0 وW4-D 988883a وW4-E 12729a6 وW4-F e13a226 — كلها CI+Cloudflare على SHAs الدمج نفسها). الفصل الكامل في WAVE4-WAVE-REPORT-2026-09-29.md. الموجة 5 (F-043/F-045/F-048 + ST تحت البوابة البنيوية) هي التالية.,,docs/operations/control/evidence/micro-master-remediation-2026-09-27/WAVE4-WAVE-REPORT-2026-09-29.md (derived from the historical concept-policy audit; PR #245 branch deleted after closure),2026-09-29
REM-005,Wave 5 — الحراسة المالية وقابلية التطور (بلا UI وبلا بنية),DEFECT,VERIFIED,FIX_BEFORE_PILOT,DEPENDENCY_GATE_REQUIRED_BEFORE_PILOT,P1,master-remediation-wave-5,Product owner / Z AI execution with Manus coordination,guards; tests; docs,focused guard tests | root suite | prototype suite | typecheck | lint | format | guards | validate,REM-004,,الموجة 5 مغلقة VERIFIED على main 8be7d5d. البرنامج الرئيسي كامل: D15-A + Waves 1-5 كلها VERIFIED. المصفوفة الكاملة في WAVE5-FINAL-PROGRAM-REPORT-2026-09-29.md.,,docs/operations/control/evidence/micro-master-remediation-2026-09-27/WAVE5-FINAL-PROGRAM-REPORT-2026-09-29.md (derived from the historical concept-policy audit; PR #245 branch deleted after closure),2026-09-29
REM-006,المعالجة المنطقية النهائية — قرارات المالك D-03/D-08/D-09/D-11 وتحقيق التعادل (بلا UI وبلا دمج),DEFECT,VERIFIED,FIX_BEFORE_PILOT,DEPENDENCY_GATE_REQUIRED_BEFORE_PILOT,P1,final-logic-remediation,Product owner / Z AI execution,docs; application; domain; tests,focused contract/doc guard tests | prototype suite (focused files) | typecheck | validate,REM-002; REM-003; REM-004; REM-005,,لا فعل إضافي: PR #275 مدمج ومتحقق على main عند 0c05ec696fb795bb48c5b2f0c11b93e9a7b8c1e8.,,CONCEPT-POLICY-TERMINO-INTEGRITY-AUDIT (D-03/F-008، D-08/F-026، D-09/F-023، D-11/F-059، TARGET_OPERATING_RESULT، QR-1..QR-6),2026-09-30
REM-007,النموذج الكنوني للتعادل التشغيلي والنتيجة التشغيلية المستهدفة TARGET_OPERATING_RESULT (بلا UI وبلا مخطط),DEFECT,VERIFIED,FIX_BEFORE_PILOT,DEPENDENCY_GATE_REQUIRED_BEFORE_PILOT,P1,canonical-operating-breakeven,Product owner / Z AI execution,domain; application; docs; tests,اختبارات مجالية مستقلة الأوراكل لكل ثوابت النموذج (تعادل صفر، إشارات، ceil واحد، قيمة مبيعات من النسبة المجمعّة، مزيج مرجّح، وحدات غير متوافقة، ثبات المتغيرة/المختلطة/المشتركة، الهدف وتكافؤه مع التعادل) | اختبار طبقة تطبيق: عزل الكاش/القبض/الدين/العربون/رأس المال/السحب/أصل القرض عن التعادل التشغيلي + تمرير الهدف عبر الخدمة + تكافؤ G5/التغطية للحقول الجديدة | typecheck وeslint وprettier للملفات المتغيرة | validate وgenerate_tracker وsecrets وtest-focus وgit diff --check | تكافؤ كامل الحقول بين القارئين (فوق/عند/تحت/فجوة تصنيف/حركات مخزون تخفض الحالة وحدها) + تكامل D-03 عبر المسار الفعلي + لا سطح هدف في المؤشرات المالية (operatingBreakEvenModel وd03DeliveryOperatingPath — تصحيح 2026-09-30),REM-006,,لا فعل إضافي: PR #275 مدمج ومتحقق على main عند 0c05ec696fb795bb48c5b2f0c11b93e9a7b8c1e8.,,OWNER-ORDER:canonical-operating-breakeven-2026-09-29 (SBA Break-even Point / Penn State Breakeven Analysis / Lumen Target Profit — مراجع منهجية فقط),2026-09-30
TEST-001,تثبيت اختبار الإهلاك المعتمد على الساعة الحية في G4Assets.dom,QUALITY,VERIFIED,HARDENING,NOT_APPLICABLE,P1,test-stability,Product owner / Manus coordination,tests; verification,Focused G4Assets.dom test | Prototype test command or the directly affected test file | test-focus and git diff --check | Operations Control validation and generated-view check,,,لا إجراء إضافي؛ إصلاح TEST-001 مدموج ومتحقق على main. يُعاد فتحه فقط بدليل فشل زمني جديد.,,docs/operations/control/evidence/date-dependent-test-fix-2026-10-01/TEST-001-REPORT.md,2026-10-01
CLEAN-001,تنظيف الأسطح الجزئية والميتة,QUALITY,VERIFIED,FIX_BEFORE_PILOT,NOT_APPLICABLE,P2,stage-4,Product owner / Manus coordination,cross-layer; presentation,Focused automated tests | Failure/recovery path where applicable | Evidence on main or explicit device limitation,FIN-007; OPS-004,,لا فعل إضافي: الجرد مكتمل ومثبت بحدس حارسة على main (ef54dcf).,,docs/operations/control/README.md,2026-09-23
DOC-001,تصحيحات صدق السطح التوثيقي وأرشفة الأدلة المغلقة — موجتا A+B من تدقيق الحد الأدنى 2026-10-01,GOVERNANCE,VERIFIED,GOVERNANCE,NOT_APPLICABLE,P2,documentation-hygiene,Product owner / Zed coordination,documentation,Operations Control validation + generated-view check | documentation/index/skill/image/entity guards | exact-path and basename reference scans for every moved or corrected file | git diff --check,,,لا إجراء إضافي؛ DOC-001 منفذ ومتحقق على main عند 6a00a6b9.,,docs/operations/control/evidence/documentation-context-cleanup-2026-10-02/FINAL-EXECUTION-REPORT.md,2026-10-02
DOC-004,حذف 42 ملفًا محذومَ المرجعية وتقاعد 93 ملف تقارير مساند — دفعة الجولة الثانية,GOVERNANCE,VERIFIED,GOVERNANCE,NOT_APPLICABLE,P2,documentation-hygiene,Product owner / Z AI coordination,documentation,Operations Control validation + generated-view check | documentation/index/skill/image/entity guards | exact-path and basename reference scans (zero live leftovers) | git diff --check,,اعتمدها المالك في مصفوفة الجولة الثانية (2026-10-02): DELETE-42 وaux-94 مع استثناء run-main الواحد.,لا إجراء إضافي؛ منفذ ومتحقق على main عند 20041318.,,docs/operations/control/evidence/documentation-context-cleanup-2026-10-02/ROUND-2-FINAL-EXECUTION-REPORT.md,2026-10-02
DOC-005,بنود سلطة وتوافق الجولة الثانية — OD-01/OD-06/OD-08a/OD-07 + أرشيفات محتكرة + دمج 02-by-tier,GOVERNANCE,VERIFIED,GOVERNANCE,NOT_APPLICABLE,P2,documentation-hygiene,Product owner / Z AI coordination,documentation,Operations Control validation + generated-view check | documentation/index/skill/image/entity guards | affected documentation tests (group2/3/4/5/6 ClosureDocs) via prototype:test | exact-path and basename reference scans | git diff --check,,اعتمد المالك كل بنود هذه المرحلة في مصفوفة الجولة الثانية (2026-10-02).,لا إجراء إضافي؛ منفذ ومتحقق على main عند 331bb6f9.,,docs/operations/control/evidence/documentation-context-cleanup-2026-10-02/ROUND-2-FINAL-EXECUTION-REPORT.md,2026-10-02
FIN-002,ميزانيات وأهداف بسيطة,FEATURE,VERIFIED,FIX_BEFORE_PILOT,DEPENDENCY_GATE_REQUIRED_BEFORE_PILOT,P2,stage-3,Product owner / Manus coordination,Layer 3; domain; application; presentation,Domain/Service tests | DOM/Integration tests where UI is involved | Export/import or migration evidence where persistence changes | Merge and verification evidence on main,CTRL-001,D-038 معتمد في 2026-09-22: (1) اعتماد سقف Finance عند 318 كاستثناء موثق خاص بمفردات عقد 42 داخل التفاصيل المطوية، وليس إذنًا عامًا لزيادة النص؛ (2) اعتماد localSchemaVersion/localExportVersion عند 37/29 مع بقاء 36/28 والأزواج التاريخية المسموحة تحت حراس الترحيل والتصدير؛ (3) الميزانية العامة تستخدم القارئ الكنوني للمصروف التشغيلي والمعكوسات، وميزانية الفئة تطابق categoryLabel الصريح بعد التشذيب فقط، دون تطبيع أو مرادفات أو مطابقة ضبابية، ولا تنسب غير المصنف إلى فئة، وتبقي المجهول null/under_review بدل الصفر. هذا إغلاق توثيقي لا يغير التنفيذ ولا يعيد فتح FIN-002.,مكتمل ومتحقق على main؛ قرارات المالك الثلاثة مغلقة في D-038. لا فعل إضافي لـFIN-002؛ البوابة التالية Wave 3 (FIN-005).,,docs/operations/control/README.md,2026-09-22
FIN-006,ربحية المنتج بمعرف كتالوج ثابت,FEATURE,VERIFIED,FIX_BEFORE_PILOT,DEPENDENCY_GATE_REQUIRED_BEFORE_PILOT,P2,stage-3,Product owner / Manus coordination,Layer 3; domain; application; presentation,Domain/Service tests | DOM/Integration tests where UI is involved | Export/import or migration evidence where persistence changes | Merge and verification evidence on main,OPS-004,,لا فعل إضافي: منفذ ومتحقق على main (ae3136d).,تنفيذ مؤجل حتى اعتماد/إكمال الاعتماديات، لكنه متطلب Gate قبل Pilot؛ ربحية المنتجات/الخدمات بمعرف ثابت مطلوبة ضمن المرحلة 3.,docs/operations/control/README.md,2026-09-23
FIN-007,مراجعة فترة مرنة,FEATURE,VERIFIED,FIX_BEFORE_PILOT,NOT_APPLICABLE,P2,stage-3,Product owner / Manus coordination,Layer 3; domain; application; presentation,Domain/Service tests | DOM/Integration tests where UI is involved | Export/import or migration evidence where persistence changes | Merge and verification evidence on main,FIN-003,,مكتمل ومتحقق على main (WS-173 / PR #211 / 89e3c864e6008f6d7ec558be4950425fff71d651). لا فعل إضافي ضمن خارطة الطريق الحالية.,,docs/operations/control/README.md,2026-09-22
FIN-008,تحقق الإهلاك بعد مرور الزمن,QUALITY,VERIFIED,FIX_BEFORE_PILOT,DEPENDENCY_GATE_REQUIRED_BEFORE_PILOT,P2,stage-3,Product owner / Manus coordination,Layer 3; domain; application; presentation,اختبار Domain/Service مع Clock قابل للحقن يثبت تاريخ الاستحقاق قبل/بعد نقطة زمنية اصطناعية | اختبار idempotency يمنع تسجيل الإهلاك نفسه مرتين عند إعادة تشغيل الساعة/الفعل | اختبار DOM يثبت أن الإهلاك غير النقدي لا يخصم من الكاش ويعرض الحالة الصادقة | اختبار export/import يحافظ على أصل الإهلاك وتاريخه إن دخلت البيانات الدائمة | دليل CI وMerge SHA وverified_on_main_sha قبل VERIFIED,,تحديد نافذة اختبار الإهلاك أو آلية ساعة اختبار معتمدة قبل فتح Claim.,لا فعل إضافي: منفذ ومتحقق على main (caa9e80).,تنفيذ مؤجل حتى اعتماد/إكمال الاعتماديات، لكنه متطلب Gate قبل Pilot؛ اختبار الإهلاك يستخدم Clock قابلًا للحقن ولا ينتظر شهرًا حقيقيًا.,docs/operations/control/README.md,2026-09-23
G-002,ذرية تخصيص دفعة المورد للمحفظة,DEFECT,VERIFIED,FIX_BEFORE_PILOT,NOT_APPLICABLE,P2,audit-2026-09-19,Product owner / Manus coordination,cross-layer,"Domain/Service tests where the invariant is owned | DOM/Integration test for the affected journey | Live scenario with before/after evidence | Retry, partial failure, concurrency, or stale-read test as applicable | No regression in existing financial calculations | Merge and verification evidence on main",,,لا إجراء تنفيذي إضافي لهذا Finding؛ تبقى بوابة PRE-PILOT محجوبة حتى إغلاق بقية المتطلبات وقرار المالك.,,https://github.com/Qays7753/Documents/tree/main/reports/2026/2026-09-19/layered-financial-management-audit-001,2026-09-20
G-003,حرس القراءة القديمة عند حفظ الطلب,DEFECT,VERIFIED,FIX_BEFORE_PILOT,NOT_APPLICABLE,P2,audit-2026-09-19,Product owner / Manus coordination,cross-layer,"Domain/Service tests where the invariant is owned | DOM/Integration test for the affected journey | Live scenario with before/after evidence | Retry, partial failure, concurrency, or stale-read test as applicable | No regression in existing financial calculations | Merge and verification evidence on main",,,لا إجراء تنفيذي إضافي لهذا Finding؛ تبقى بوابة PRE-PILOT محجوبة حتى إغلاق بقية المتطلبات وقرار المالك.,,https://github.com/Qays7753/Documents/tree/main/reports/2026/2026-09-19/layered-financial-management-audit-001,2026-09-20
G-004,مطابقة تعطيل القدرات للوعد المرئي,DEFECT,VERIFIED,FIX_BEFORE_PILOT,NOT_APPLICABLE,P2,audit-2026-09-19,Product owner / Manus coordination,cross-layer,"Domain/Service tests where the invariant is owned | DOM/Integration test for the affected journey | Live scenario with before/after evidence | Retry, partial failure, concurrency, or stale-read test as applicable | No regression in existing financial calculations | Merge and verification evidence on main",,,لا إجراء تنفيذي إضافي لهذا Finding؛ تبقى بوابة PRE-PILOT محجوبة حتى إغلاق بقية المتطلبات وقرار المالك.,,https://github.com/Qays7753/Documents/tree/main/reports/2026/2026-09-19/layered-financial-management-audit-001,2026-09-20
G-005,عزل فشل قراءات صفحة المالية,DEFECT,VERIFIED,FIX_BEFORE_PILOT,NOT_APPLICABLE,P2,audit-2026-09-19,Product owner / Manus coordination,cross-layer,"Domain/Service tests where the invariant is owned | DOM/Integration test for the affected journey | Live scenario with before/after evidence | Retry, partial failure, concurrency, or stale-read test as applicable | No regression in existing financial calculations | Merge and verification evidence on main",,,لا إجراء تنفيذي إضافي لهذا Finding؛ تبقى بوابة PRE-PILOT محجوبة حتى إغلاق بقية المتطلبات وقرار المالك.,,https://github.com/Qays7753/Documents/tree/main/reports/2026/2026-09-19/layered-financial-management-audit-001,2026-09-20
HIST-003,الموجة الثالثة: العقود والملكية التقنية,QUALITY,VERIFIED,HISTORICAL,NOT_APPLICABLE,P2,completed,Product owner / Manus coordination,historical-evidence,Focused automated tests | Failure/recovery path where applicable | Evidence on main or explicit device limitation,,,لا إجراء؛ لا يُعاد فتحه إلا بدليل جديد وتصنيف REOPENED.,,docs/operations/current-state.md,2026-09-17
HIST-004,الموجة 4.1: مخطط تجربة المنتج,RESEARCH,VERIFIED,HISTORICAL,NOT_APPLICABLE,P2,completed,Product owner / Manus coordination,historical-evidence,Source/report comparison | Explicit unknowns and limits | Owner decision or pilot evidence,,,لا إجراء؛ لا يُعاد فتحه إلا بدليل جديد وتصنيف REOPENED.,,reports/agent-report/2026-09-17_wave-4-1-product-ux-blueprint/report.md,2026-09-17
HIST-005,الموجة 4.2: الهيكل والتنقل والتسمية,QUALITY,VERIFIED,HISTORICAL,NOT_APPLICABLE,P2,completed,Product owner / Manus coordination,historical-evidence,Focused automated tests | Failure/recovery path where applicable | Evidence on main or explicit device limitation,,,لا إجراء؛ لا يُعاد فتحه إلا بدليل جديد وتصنيف REOPENED.,,reports/agent-report/2026-09-17_wave-4-2-structure-navigation-naming/report.md,2026-09-17
HIST-006,الموجة 4.3: إعادة بناء أسطح المنتج,QUALITY,VERIFIED,HISTORICAL,NOT_APPLICABLE,P2,completed,Product owner / Manus coordination,historical-evidence,Focused automated tests | Failure/recovery path where applicable | Evidence on main or explicit device limitation,,,لا إجراء؛ لا يُعاد فتحه إلا بدليل جديد وتصنيف REOPENED.,,docs/operations/current-state.md,2026-09-18
OPS-002,تنبيهات انخفاض المخزون,FEATURE,VERIFIED,FIX_BEFORE_PILOT,NOT_APPLICABLE,P2,stage-2,Product owner / Manus coordination,Layer 2; application; presentation,Domain/Service tests | DOM/Integration tests where UI is involved | Export/import or migration evidence where persistence changes | Merge and verification evidence on main,CTRL-001,,لا إجراء؛ OPS-002 منفذ ومتحقق على main عند ee0bcee7b2490a5977171de919496cea26252970.,,docs/operations/control/README.md,2026-09-21
OPS-003,المصروفات المتكررة المحلية,FEATURE,VERIFIED,FIX_BEFORE_PILOT,DEPENDENCY_GATE_REQUIRED_BEFORE_PILOT,P2,stage-2,Product owner / Manus coordination,Layer 2; application; presentation,Domain/Service tests | DOM/Integration tests where UI is involved | Export/import or migration evidence where persistence changes | Merge and verification evidence on main,CTRL-001,صدرت قرارات المالك د١–د٦ (2026-09-21، حزمة التصمين الموافقة للجلسة — قرار D-037): (د١) مخازن محلية كنسية جديدة (سلاسل/مراجعات/فترات) لا التفضيلات، برفع موثق ٣٥→٣٦ و٢٧→٢٨؛ (د٢) نمط المبلغ ثلاثي: manual بلا اقتراح، suggested مقترح اختياري قابل للتعديل معلنًا، fixed_suggested مقترح متكرر إلزامي المبلغ — والاقتراح ليس حدثًا ماليًا؛ (د٣) مفتاح الفترة YYYY-MM من businessTime وحده، dueDay ١–٣١ مع monthEndPolicy ثلاثية (آخر يوم صالح/تخطي/سؤال)، timezone عمّان حصرًا، anchor وinterval ١–١٢؛ (د٤) مفتاح الحتمية {seriesId}:{periodKey}:{occurrenceSlot} بالخانة ٠ (تسمح مستقبلًا بخانات مشروعة) وسلوك reused صادق؛ (د٥) علامة «عولجت» سجل فترة محفوظ بالقرارات كاملة (لا تُشتق من وجود حدث) — المعكوس يبقى معولجًا وreversed مشتقة من سجل الأحداث؛ (د٦) نوع الحدث operating_expense_cash|payable باختيار المستخدم عند المراجعة، وoccurredOn يعلنه المستخدم (يحدد نتيجة الفترة بعقد ٠٥ §3.2.1)، والتسجيل عبر الكاتب الكنوني record() حصرًا. النص الملزم الكامل: عقد ٤١.,لا إجراء تنفيذي إضافي لهذا البند؛ تبقى PRE-PILOT محجوبة حتى تحقق بقية المتطلبات وقرار المالك، ولا يبدأ Pilot من هذا السجل.,تقييم Wave 7 (2026-09-21، فريق تحليل من 5 عمال قراءة-فقط): المعمارية كافية فعلًا (الكاتب الكنوني ProjectFinancialService.record بحتمية type+key داخل حد الكتابة، والعكس الذري، والاشتقاق وقت القراءة، ومغلف التصدير — كلها منفذة ومختبرة)، لكن العقود لا تغطي دلالات التذكير المتكرر إطلاقًا (لا عقدًا يعرّف حقول التذكير أو قاعدة بدء الفترة أو نتيجة التأكيد أو اشتقاق مفتاح الحتمية لتكرار الفترة نفسها أو علامة «عولجت هذه الفترة» — والمصروف نفسه لا يملك قانونيًا أي حقل ربط بتذكير). تنفيذها الآن اختراع دلالات مالية متجاورة، وهو ممنوع بلا قرار مالك (AGENTS §10 قاعدة 11؛ عقد 05 §10؛ وسجل BE-001 الأصلي نفسه اشترط «عقدًا واختبارات قبل التنفيذ»). القرار الموثق سابقًا اعتمد النموذج (تذكير يحتاج تأكيدًا ولا ينشئ حدثًا تلقائيًا) ولم يعتمد الدلالات. البند يبقى DEPENDENCY_GATE_REQUIRED_BEFORE_PILOT.,docs/operations/control/README.md,2026-09-21
OPS-004,ربط القوالب بالتكلفة المخططة دون استهلاك فعلي,FEATURE,VERIFIED,FIX_BEFORE_PILOT,NOT_APPLICABLE,P2,stage-2,Product owner / Manus coordination,Layer 2; application; presentation,Domain/Service tests | DOM/Integration tests where UI is involved | Export/import or migration evidence where persistence changes | Merge and verification evidence on main,CTRL-001,,لا إجراء؛ OPS-004 منفذ ومتحقق على main عند 0660fdcc510642831419f3cfe8b5b560773e8773 (CI أخضر على SHA نفسه). الموجة 4 (OPS-007+OPS-009) تفتح Claim مستقلًا من رأس main المتحقق فقط.,,docs/operations/control/README.md,2026-09-20
OPS-006,تقادم ديون مبسط قبل الشرائح المتقدمة,FEATURE,VERIFIED,FIX_BEFORE_PILOT,NOT_APPLICABLE,P2,stage-2,Product owner / Manus coordination,Layer 2; application; presentation,Domain/Service tests | DOM/Integration tests where UI is involved | Export/import or migration evidence where persistence changes | Merge and verification evidence on main,CTRL-001; OPS-001,,لا إجراء؛ OPS-006 منفذ ومتحقق على main عند 18368558b6df0dfbc1b1910e961d1504e9e460fb (CI أخضر على SHA نفسه).,,https://github.com/Qays7753/Documents/tree/main/reports/2026/2026-09-19/layered-financial-management-audit-001,2026-09-20
OPS-007,مقارنة التكلفة المخططة بالمستهلكة والفرق,FEATURE,VERIFIED,FIX_BEFORE_PILOT,NOT_APPLICABLE,P2,stage-2,Product owner / Manus coordination,Layer 2; application; presentation,Domain/Service tests | DOM/Integration tests where UI is involved | Export/import or migration evidence where persistence changes | Merge and verification evidence on main,CTRL-001; OPS-004,,لا إجراء؛ OPS-007 منفذ ومتحقق على main عند 8986385fcab1e1ee38c376d938f2475b6ab1c86c (CI أخضر على SHA نفسه). الموجة 5 (OPS-008) تفتح Claim مستقلًا من رأس main المتحقق فقط.,,https://github.com/Qays7753/Documents/tree/main/reports/2026/2026-09-19/layered-financial-management-audit-001,2026-09-21
OPS-008,الوقت الفعلي مقابل المخطط,FEATURE,VERIFIED,FIX_BEFORE_PILOT,NOT_APPLICABLE,P2,stage-2,Product owner / Manus coordination,Layer 2; application; presentation,Domain/Service tests | DOM/Integration tests where UI is involved | Export/import or migration evidence where persistence changes | Merge and verification evidence on main,CTRL-001; OPS-004,,لا إجراء؛ OPS-008 منفذ ومتحقق على main عند 771db4e75b90ab0806b72efd39742e6d2516c94e (CI أخضر على SHA نفسه). الموجة 6 (OPS-002) تفتح Claim مستقلًا من رأس main المتحقق فقط.,,https://github.com/Qays7753/Documents/tree/main/reports/2026/2026-09-19/layered-financial-management-audit-001,2026-09-21
DOC-002,دموج ميكانيكية توثيقية غير محتكرة للمالك — موجة C/الوثائق (تدقيق 2026-10-01),GOVERNANCE,VERIFIED,GOVERNANCE,NOT_APPLICABLE,P3,documentation-hygiene,Product owner / Zed coordination,documentation,Operations Control validation + generated-view check | documentation/index guards | exact-path and basename reference scans for removed originals | git diff --check,DOC-001,,لا إجراء إضافي؛ منفذ ومتحقق على main.,,docs/operations/control/evidence/documentation-context-cleanup-2026-10-02/FINAL-EXECUTION-REPORT.md,2026-10-02
DOC-003,دموج ملفات الاختبارات المكررة — موجة C/الاختبارات (تدقيق 2026-10-01),GOVERNANCE,VERIFIED,GOVERNANCE,NOT_APPLICABLE,P3,documentation-hygiene,Product owner / Zed coordination,tests,Affected vitest files (owner-entitlement + cash-continuity) | Root typecheck + lint + format:check | Full root vitest suite | Operations Control validation + generated-view check,DOC-001,,لا إجراء إضافي؛ منفذ ومتحقق على main. التقرير النهائي: docs/operations/control/evidence/documentation-context-cleanup-2026-10-02/FINAL-EXECUTION-REPORT.md,,docs/operations/control/evidence/documentation-context-cleanup-2026-10-02/FINAL-EXECUTION-REPORT.md,2026-10-02
G-006,توحيد حرس السحب بين مساري مال المالك,DEFECT,VERIFIED,FIX_BEFORE_PILOT,NOT_APPLICABLE,P3,audit-2026-09-19,Product owner / Manus coordination,cross-layer,"Domain/Service tests where the invariant is owned | DOM/Integration test for the affected journey | Live scenario with before/after evidence | Retry, partial failure, concurrency, or stale-read test as applicable | No regression in existing financial calculations | Merge and verification evidence on main",,,لا إجراء تنفيذي إضافي لهذا Finding؛ تبقى بوابة PRE-PILOT محجوبة حتى إغلاق بقية المتطلبات وقرار المالك.,,https://github.com/Qays7753/Documents/tree/main/reports/2026/2026-09-19/layered-financial-management-audit-001,2026-09-20
ARCH-003,مسح فجوات ما بعد الإغلاق A-to-Z — التقرير فقط (Post-Closure A-to-Z Gap Reconciliation),RESEARCH,SUPERSEDED,GOVERNANCE,NOT_APPLICABLE,P1,post-closure-atoz-gap-scan,Product owner / Z AI (post-closure A-to-Z gap-scan agent),documentation; architecture-governance,python3 scripts/operations-control/validate.py (بعد إعادة توليد Views بالمولد الرسمي) | node scripts/check-doc-index-coverage.mjs | node scripts/check-secrets.mjs | node scripts/check-current-state-size.mjs | git diff --check وفحص المسارات الممنوعة في diff كامل,,قُبلت أدلة المسح وقائمة الموجات ضمن تفويض A-to-Z؛ بعد تنفيذ البرنامج ودمجه في PR #311 لم يعد هذا التقرير Claim مستقلًا. تُحفظ §23 كسجل تاريخي، وأي مسار بنيوي جديد يمر ببوابة مسح ومالك جديدة.,لا إجراء — التقرير محفوظ في §23؛ لا تُفتح موجة جديدة من هذا السجل.,,docs/architecture/refactoring/REFACTORING-ARCHITECTURE-AND-MIGRATION-PLAN.md,2026-10-05
