id	term_ar	term_en	category	current_micro_meaning	professional_reference	concept_status	execution_status	action	decision_gate	evidence
C-001	البيع/الإيراد عند التسليم	recognizedRevenueMinor	revenue	يعترف بالإيراد عند التسليم الكامل بقيمة السعر المتفق + أجرة التوصيل المسجلة عبر المشروع؛ إنشاء الطلب والقبض لا ينشئان إيرادًا	الاعتراف عند تحقق الأداء (التسليم) — أساس الاستحقاق الصحيح لنشاط حرفي؛ إدخال الأجرة في الإيراد صحيح لأنها مقابل خدمة توصيل عبر المشروع	CORRECT	ALIGNED	PRESERVE	NONE	policies.ts:563-564; عقد 01:45; عقد 05 §3.2
C-002	القبض/التحصيل	collectedMinor	cash	قبض كاش فعلي عبر العربون والتحصيل؛ لا يساوي ربحًا ولا يعيد الاعتراف بالإيراد	القبض حدث كاش مستقل عن الاعتراف — سليم مهنيًا	CORRECT	ALIGNED	PRESERVE	NONE	عقد 01:9; عقد 05 §3.1
C-003	الكاش المسجل	recordedCashMinor	cash	مجموع قبض الطلبات المسجل + صافي دلتا أحداث المال العامة؛ يشمل أمانات والتزامات مع الإفصاح	مؤشر إداري داخلي لا صافي ثروة — معلن صراحة	CORRECT	ALIGNED	PRESERVE	NONE	projectFinancialService.ts:926-943; عقد 06
C-004	الدين/الذمة المستحقة	receivableMinor / debt_registered	receivable	مستحق على العميل بعد التسليم؛ لا يزيد الكاش؛ يسجل بحدث بمبلغ orderValue	صحيح مفهوميًا؛ التنفيذ ينكسر في السقف (F-001)	CORRECT	MISMATCHED	FIX_NOW	OWNER_DECISION_REQUIRED	عقد 02:57; policies.ts:773,795
C-005	قيمة الطلب القابلة للتحصيل	orderValueMinor	order-value	السعر المتفق + مساهمة العميل في التوصيل المسجلة عبر المشروع — أساس سقوف القبض والعربون	التعريف سليم (قيمة المطالبة)؛ العيب في عدم تطبيقه على مساري الدين والعكس	CORRECT	MISMATCHED	FIX_NOW	OWNER_DECISION_REQUIRED	policies.ts:390-395; عقد 02:43
C-006	العربون	depositCollectedMinor	deposit	كاش محصل قبل التسليم ضمن سقف قيمة الطلب؛ ليس ربحًا نهائيًا؛ الرد/الاحتفاظ عمليات تسوية مستقلة	معالجة مهنية سليمة لعربون البيع	CORRECT	ALIGNED	PRESERVE	NONE	عقد 01:17; عقد 02:53-54
C-007	العربون المحتجز المصنف	RetainedDepositMeaning owner/revenue/mixed	retained-deposit	تصنيف صريح للمالكية عند الاحتفاظ مع أحداث مالكية وبحث تصحيح ذري	التمييز بين مال المالك والإيراد عند الاحتفاظ متقدم مهنيًا؛ التفسير الضريبي يحتاج مراجعة مؤهلة	CORRECT	ALIGNED	PRESERVE	QUALIFIED_REVIEW_REQUIRED	policies.ts:1101-1167,1280-1359; عقد 29
C-008	الإلغاء وتسوية العربون	cancelOrder + depositSettlement	cancellation	إلغاء بسبب عبر مسار واحد؛ عربون يفرض needs_review حتى رد/احتفاظ صريحين	يحمي من قرارات مالية صامتة — سليم	CORRECT	ALIGNED	PRESERVE	NONE	عقد 02:53; AGENTS.md §6
C-009	التكلفة المخططة (Snapshot)	plannedCostMinor	cost	مواد+وقت+تغليف+توصيل+هدر مجمدة نسخةً عند القرار مع حالة معرفة	التجميد المرجعي أساس المقارنة التاريخية — سليم	CORRECT	ALIGNED	PRESERVE	NONE	عقد 03; policies.ts:120-133
C-010	التكلفة المعترف بها	recognizedCostMinor	cost	planned فقط عند التسليم؛ كلفة توصيل المشروع لا تدخلها (F-008)	الاعتراف بالتكلفة المخططة مؤشر إداري معلن؛ إقصاء كلفة النقل المدفوعة يخل عدم تناظر يحتاج قرارًا	INCOMPLETE	MISMATCHED	DEFER	OWNER_DECISION_REQUIRED	policies.ts:405-407,560-565; projectFinancialService.ts:811-822
C-011	التكلفة الفعلية/COGS الفعلي	actual material comparison	cogs	مقارنة مخطط/منفذ للمواد عند القراءة دون تغيير Snapshot؛ COGS اختياري للفترة من استهلاك مثبت	نموذج تحقق مزدوج صادق؛ ليس تكلفة فعلية كاملة — معلن	CORRECT	ALIGNED	PRESERVE	NONE	inventoryMaterialService.readOrderActualMaterialComparison; عقد 13
C-012	المخزون الانتقائي	InventoryMovement	inventory	حركات مضافة لكل مادة بمتوسط متحرك؛ الشراء لا يصبح COGS تلقائيًا	مبدأ الشراء≠التكلفة سليم؛ متوسط التكلفة المتحرك أساس مقبول يحتاج توثيقًا كخيار	CORRECT	ALIGNED	PRESERVE	QUALIFIED_REVIEW_REQUIRED	src/domain/inventory-material/; عقد 28
C-013	الهدر	waste / loss_non_cash	waste	مساران: هدر مخزون خارج النتيجة، وشطب غير نقدي داخلها (F-019)	عدم تناظر يحتاج قرار اعتراف موحد	INCOMPLETE	ALIGNED	DEFER	OWNER_DECISION_REQUIRED	projectFinancialService.ts:361-368,760-772
C-014	تكلفة وقت العمل	time_cost	labor	الوقت المؤثر: غيابه أو معرفته بدقائق/سعر صفر → incomplete؛ لا صفر صامت	تعظيم صحيح لتكلفة العمالة؛ متسق مع مبدأ المجهول≠صفر	CORRECT	ALIGNED	PRESERVE	NONE	عقد 05 §4.2; policies.ts:172-191
C-015	كلفة التوصيل ومساهمتا الطرفين	deliveryTerms feeCharged/costPaid	delivery	أجرة العميل عبر المشروع في الإيراد وقيمة الطلب؛ كلفة المشروع في مؤشر الطلب فقط؛ نموذج الصندوقين معتمد لتنفيذه في #244	المسؤوليات الأربع محكومة؛ البعد المحاسبي لكلفة المشروع معلق (F-008)	INCOMPLETE	MISMATCHED	DEFER	OWNER_DECISION_REQUIRED	عقد 02:36-45; policies.ts:371-377,404-407,563-564
C-016	نتيجة الطلب	profitIndicatorMinor + resultStatus	result	مؤشر الطلب عند التسليم بحالات final/estimated/incomplete/review_required	التمييز الصادق بين مؤشر طلب وربح مشروع — ممارسة متقدمة	CORRECT	ALIGNED	PRESERVE	NONE	عقد 01 §سياسة الشريحة
C-017	نتيجة الفترة المسجلة	recordedPeriodResult recorded_only/incomplete	period-result	طلبات مسلمة نهائية − تكلفة مباشرة − دلتا مصروف تشغيلي؛ تستثني مال المالك والكاش والذمم	صيغة إدارية معلنة الحدود؛ ليست قائمة دخل — معلنة صراحة	CORRECT	ALIGNED	PRESERVE	QUALIFIED_REVIEW_REQUIRED	عقد 05 §3.2.1; projectFinancialService.ts:576+
C-018	الربح النهائي	final profit	profit	غير معروض إلا مع known عند التسليم/التسوية؛ «ربح المشروع منذ البداية» ممنوع	انضباط تسمية صحيح	CORRECT	ALIGNED	PRESERVE	NONE	AGENTS.md §6; القاموس
C-019	الربح التقديري	estimated profit breakdown	estimate	عرض موسوم دائمًا قبل التأكيد؛ لا يدخل نتيجة رسمية	سليم	CORRECT	ALIGNED	PRESERVE	NONE	OrderDetail.tsx:1642-1656
C-020	حالات المعرفة	knowledgeState	knowledge	known/estimated/partial/incomplete/stale/variable مع null=مجهول لا صفر	نموذج صدق نادر الجودة في أنظمة صغيرة	CORRECT	ALIGNED	PRESERVE	NONE	عقد 03:23; عقد 05 §8
C-021	الزيادة على التكلفة مقابل الهامش	markup vs margin	pricing	معادلتان منفصلتان؛ margin موثقة بلا تنفيذ (مؤجلة بعقد)	التمييز التعاقدي صحيح؛ التطبيق مؤجل بإعلان	CORRECT	MISSING	PRESERVE	NONE	عقد 05 §5.2; EQ-033
C-022	هامش المساهمة	contribution margin	margin	المعرض فعليًا هامش مباشر؛ مسار المتغيرة المربوطة كود ميت	تسمية معيارية على حساب أضيق — إعادة تسمية	MISNAMED	ALIGNED	FIX_NOW	NONE	g5/policies.ts:425,383-396
C-023	نقطة التعادل	breakEvenUnits	break-even	قارئان بهامشين مختلفين تحت عائلة اسم واحدة	«المؤشر الواحد تعريف واحد» — يحتاج تمييز أساس أو توحيدًا	CONFLICTING	DUPLICATED	DEFER	OWNER_DECISION_REQUIRED	g5/policies.ts:569-633; projectFinancialService.ts:888-925
C-024	السيولة والتغطية	liquidity / coverage	liquidity	تغطية محافظ وتغطية كاش بعد الالتزامات + أفق 7/30/90 مع إعلانات قابلة للعكس	فصل التعادل عن السيولة مطبق بوعي — سليم	CORRECT	ALIGNED	PRESERVE	NONE	عقد 17; FIN-005
C-025	مال المالك	owner money investment/withdrawal	equity	استثمار يرفع مال المالك، سحب يخفضه؛ ليست مبيعات ولا مصاريف	معالجة حقوق الملكية سليمة محاسبيًا	CORRECT	ALIGNED	PRESERVE	NONE	عقد 06; src/domain/owner-entitlement/
C-026	القرض (مرسل/مستلم)	loan / receivedLoan	financing	قرض بلا فائدة؛ يرفع الكاش وينشئ التزامًا/مستحقًا مع تسديد جزئي	أساس سليم؛ غياب الفائدة قرار غير موثق الأثر (F-060)	INCOMPLETE	ALIGNED	DEFER	QUALIFIED_REVIEW_REQUIRED	src/domain/loan/; src/domain/received-loan/
C-027	التحويل بين المحافظ	wallet transfer	transfer	تحويل متوازن محروس، لا دخل ولا مصروف	سليم	CORRECT	ALIGNED	PRESERVE	NONE	cash-continuity; EQ-154
C-028	التسوية (الطلب)	settled	settlement	استيفاء قيمة الطلب كاملة (قبضًا أو دينًا موثقًا) — لا تعني الربح	صحيح؛ الاسم المزدوج «مغلق» يحتاج قرارًا (F-026)	CORRECT	ALIGNED	DEFER	OWNER_DECISION_REQUIRED	policies.ts:345-352
C-029	العكس الموثق	reversal reversesEventId	reversal	حدث مقابل ينفي كل الدلتا مع سبب ومفتاح؛ لا حذف	أساس قابلية التدقيق — ممارسة قوية	CORRECT	ALIGNED	PRESERVE	NONE	financial-event/policies.ts:426-458
C-030	يحتاج مراجعة	needs_review	review-state	حماية قفل للمسلم تدخل عبر 10 حواري وتخرج بعكس التسليم وحده	الحماية سليمة؛ التسمية مشتركة بين 8 معانٍ (F-023)	INCOMPLETE	ALIGNED	DEFER	OWNER_DECISION_REQUIRED	policies.ts:294-300; AGENTS.md §6
C-031	البيع المباشر	directSale	direct-sale	كيان بيع كامل بإيراد وكلفة معروفة/مجهولة وقبض — بلا عقد حاكم	المنطق المالي سليم في القارئ؛ الحوكمة التعاقدية ناقصة	INCOMPLETE	MISSING	DEFER	OWNER_DECISION_REQUIRED	direct-sale/policies.ts; projectFinancialService.ts:814-817
C-032	الأمانة	amanah	trust	مبالغ محفوظة ليست ملك المشروع؛ حارس رصيد؛ مستبعدة من الربح	تمييز ائتماني سليم يحتاج مدخل قاموس	CORRECT	ALIGNED	PRESERVE	NONE	activityLabels; integrityCheckService.ts:650
C-033	وحدة العملة	qirsh (1/100 JOD)	currency	قرش بمنزلتين بقرار معلن داخل التطبيق؛ وثيقة واحدة تقول فلسًا (F-042)	انحراف مقصود عن ISO (1000 فلس) يحتاج إعلانًا موحدًا	MISNAMED	MISMATCHED	FIX_NOW	OWNER_DECISION_REQUIRED	formatters.ts:2-6; product-source-of-truth.md:18
C-034	المجهول/الصفر/null	null vs 0	unknown	null غير مسجل؛ 0 قيمة صريحة؛ العرض «غير متاح»	مبدأ مركزي منفذ باتساق عالٍ	CORRECT	ALIGNED	PRESERVE	NONE	عقد 02:42; stateAdapter.ts
