id	name	professional_definition	current_formula	units	period	inputs	rounding	null_zero_behavior	edge_cases	used_where	right_equation_for_use	professional_limitations	implementation_status	action	evidence
E-001	قيمة الطلب القابلة للتحصيل	المطالبة الكاملة على العميل	orderValueMinor = agreedPriceMinor + customerContributionMinor	قرش	عند التسجيل	السعر + الأجرة عبر المشروع	عدد صحيح	null=غير مسجلة، 0=صريحة	أجرة بلا سعر مستحيلة (سعر موجب إلزامي)	سقوف القبض والعربون والدين	نعم	أساس واحد لا يقبل التجزئة	ALIGNED (باستثناء مساري F-001)	FIX_NOW في مساري الدين/العكس	policies.ts:390-395
E-002	المتبقي على العميل	المطالبة القائمة	outstandingMinor = max(orderValueMinor − collectedMinor, 0)	قرش	لحظي	قيمة الطلب − المقبوض	عدد صحيح	floor عند الصفر	تحصيل زائد يرفض قبل الكتابة	كل أسطح التحصيل	نعم	—	MISMATCHED في مساري الدين/العكس	FIX_NOW	policies.ts:798-799,941-942 vs 348
E-003	تكلفة المواد	Σ(كمية × سعر وحدة)	material_cost = Σ(quantity × unit_price) مع تحويل مباشر	قرش	Snapshot	بنود الخامة	roundHalfUp للبند	سعر مادة null → incomplete	كمية milli غير ممثلة ترفض	Snapshot/الحاسبة	نعم	—	ALIGNED	PRESERVE	numeric.ts; craft-order policies
E-004	تكلفة الوقت	مدة × سعر الساعة	time_cost = minutes ÷ 60 × hourlyRate	قرش	Snapshot	الوقت التقديري	roundHalfUp	غياب الوقت → incomplete	دقائق معروفة/سعر صفر → incomplete	Snapshot	نعم	—	ALIGNED	PRESERVE	policies.ts:172-191
E-005	التكلفة المخططة	مجموع مكونات التكلفة	planned = material + time + packaging + delivery + waste	قرش	Snapshot	المكونات الخمسة	مجموع أعداد صحيحة	بند غائب معلن ناقصًا	—	Snapshot/مؤشر الطلب	نعم	—	ALIGNED	PRESERVE	policies.ts
E-006	تكلفة الوحدة	التكلفة لكل وحدة	unitCostMinor = ceil(planned ÷ quantity)	قرش	Snapshot	التكلفة والكمية	ceil حمايةً	—	100÷3=34 → 34×3=102 (أثر معلن)	الحاسبة/التسعير	نعم مع تفسير العرض	الفارق أثر عرض موثق	ALIGNED	PRESERVE	عقد 03:48-50
E-007	سعر الحماية	حد أدنى حارس	priceFloor = unitCost + safetyBuffer	قرش	Snapshot	التكلفة + الحماية	عدد صحيح	—	—	التسعير	نعم	ليس سعر سوق	ALIGNED	PRESERVE	عقد 05 §5.1
E-008	الزيادة على التكلفة	تسعير من التكلفة	price = unitCost × (1 + markupRate)	قرش	—	—	—	—	—	موثقة فقط	نعم	مؤجلة بعقد	DOCUMENTED_ONLY	PRESERVE	عقد 05 §5.2; EQ-033
E-009	التسعير من الهامش	تسعير من البيع	price = unitCost ÷ (1 − margin)	قرش	—	—	—	margin∈[0,1) يفشل خارجه	—	موثقة فقط	نعم	مؤجلة بعقد	DOCUMENTED_ONLY	PRESERVE	عقد 05 §5.2
E-010	الإيراد المعترف به	إيراد الأداء	recognizedRevenue = agreedPrice + feeCharged (عند التسليم)	قرش	حدث التسليم	السعر والأجرة	عدد صحيح	—	تعديل السعر يحدث الإيراد إذا كان نهائيًا	قارئ الفترة/مؤشر الطلب	نعم	—	ALIGNED	PRESERVE	policies.ts:563-564
E-011	التكلفة المعترف بها	تكلفة الاعتراف	recognizedCost = plannedCost	قرش	حدث التسليم	النسخة المجمدة	عدد صحيح	—	كلفة توصيل المشروع خارجها (F-008)	قارئ الفترة	مؤشر إداري معلن	عدم تناظر مع الإيراد	ALIGNED مع إعلان	DEFER لقرار س2	policies.ts:560-565
E-012	مؤشر ربح الطلب	نتيجة الطلب	profitIndicator = recognizedRevenue − recognizedCost	قرش	عند التسليم	المعترفان	عدد صليح	لا يحسب إلا مع known	needs_review يصفّره	صفحة الطلب	نعم كتسمية «نتيجة»	ليس ربح مشروع	ALIGNED	PRESERVE	policies.ts
E-013	نتيجة الفترة المسجلة	صورة فترة إدارية	Σ(final delivered revenue) − Σ(recognizedCost) − Δ(operatingExpense) + عائلات إضافية	قرش	نافذة عمّان شاملة	الطلبات النهائية والأحداث	عدد صحيح	غير نهائي يُستبعد ويُعدّ	بيع مباشر مجهول الكلفة يبطل النتيجة (F-015)	الكشف/الجسر	نعم بأسمائها	ليست قائمة دخل	ALIGNED أوسع من العقد	FIX_NOW توثيق العقد (F-018)	projectFinancialService.ts:811-822
E-014	الكاش المسجل	رصيد مشتق من الأحداث	recordedCash = Σ order receipts + Σ event deltas	قرش	لحظي	الأحداث الملحقة	عدد صحيح	—	—	الوضع المالي	نعم	ليس صافي ثروة	ALIGNED	PRESERVE	عقد 06
E-015	هامش G5 المعروض	هامش الوحدة للتعادل	المعروض: revenue − recognizedCost لكل وحدة (متغيرة مربوطة معطلة)	قرش/وحدة	فترة	الطلبات النهائية	—	—	—	لوحة G5	مسمى خطأً «مساهمة»	مساهمة حقيقية تتطلب طرح المتغيرة	MISNAMED	FIX_NOW تسمية	g5/policies.ts:425
E-016	وحدات التعادل (G5)	حد التغطية	breakEvenUnits = ceil(fixed × qty ÷ (contribution × 1000))	وحدة	فترة معلنة	الثابتة + الهامش + المزيج	ceil	—	هامش ≤ 0 → لا رقم	لوحة G5	نعم	بافتراض مزيج معلن	ALIGNED	PRESERVE	g5/policies.ts:569-606
E-017	وحدات التعادل (مالية)	حد تغطية بهامش مباشر	breakEvenUnits(fixed, deliveredQty, directMargin)	وحدة	فترة	الثابتة + الهامش المباشر	—	estimated-fixed → لا رقم	أساس مختلف عن G5	قسم التعادل في المالية	اسم واحد أساسان	يحتاج تمييز أساس	DUPLICATED	DEFER قرار س3	projectFinancialService.ts:920-925
E-018	المقبوض الافتراضي للبيع المباشر	(افتراض)	collected = collected ?? revenue	قرش	الإدخال	حقل القبض	—	غياب الحقل = قبض كامل	مخالفة المجهول≠صفر	قارئ الفترة	كمسار API فقط	خطر إذا استُدعي بمسار جديد	ALIGNED مع UI صريح	DEFER قرار س10	direct-sale/policies.ts:40
E-019	مقارنة الفترات (الإشارة)	فرق موجه	delta = B − A (الصفحة تمرر الحالي أولًا)	قرش	زوج فترات	قيمتان	—	—	تحسن يظهر سالبًا على الصفحة	الكشف	اتجاه موحد مطلوب	—	MISMATCHED	FIX_NOW	periodComparisonService.ts:361; Statement.tsx:219
E-020	صافي حركة الكاش	تدفق نقدي صافي	cashNet = Σ cash deltas	قرش	فترة	الأحداث	عدد صحيح	—	—	الكشف مع تنويه إلزامي	نعم مع التنويه	قد يقرأ ربحًا	ALIGNED	PRESERVE	statementService
E-021	إهلاك الأصل (الأرضي + شهر اللحاق)	توزيع منفعة	الشهري floor والشهر الأخير يمتص الفارق	قرش	عمر الأصل	الكلفة والعمر	floor مع متمم	—	لا إهلاك بقيم تُنقص الدقة	صفحات الأصول	نعم	اقتراح غير نقدي — تسمية F-024	ALIGNED	FIX_NOW تسمية فقط	asset policies
E-022	المتوسط المتحرك للمادة	تكلفة الوحدة المخزنية	متوسط متحرك عند كل استلام	قرش/milli	حركة	الاستلامات	—	—	رصيد سالب مرفوض	المخزون	أساس مقبول	خيار تقييم يحتاج توثيقًا	ALIGNED	PRESERVE	inventory-material
E-023	استحقاق المالك	حق مالك دوري	rate × time/units مع roundHalfUp	قرش	دورية	السعر/النسبة	نصف-أعلى	كمية غير ممثلة معلنة	—	حقوق المالك	نعم	—	ALIGNED	PRESERVE	owner-entitlement; عقد 05 §5.3
E-024	التغطية (محفظة/كاش)	سيولة قصيرة	رصيد ÷ التزامات / إعلانات مؤرخة	نسبة	لحظي/أفق	الأرصدة والإعلانات	—	إعلان غير مؤكد يظهر ناقصًا	—	الوضع المالي/الأفق	نعم	إعلان ≠ التزام	ALIGNED	PRESERVE	FIN-005
E-025	متبقي نص المشاركة	(خارج المجال)	agreedPrice − depositCollected	قرش	لحظي	—	—	يتجاهل الأجرة والتحصيلات	رقم خاطئ للعميل	نص المشاركة	لا	مصدر منافس للقيمة	MISMATCHED	FIX_NOW	shareMessageService.ts:94-99
E-026	جسر الربح إلى الكاش	مطابقة غير مباشرة	يحسب البنود ويظهر «الفرق غير المفسر» صراحة	قرش	فترة	المصادر المعلنة	عدد صحيح	—	—	صفحة المالية	نعم — ممارسة تدقيق	—	ALIGNED	PRESERVE	profitToCashBridgeService.ts:371-390
E-027	ثابت تسوية الطلب (المقترح)	قابلية اشتقاق	Σ collections − Σ reversals + receivable == orderValue	قرش	دائم	الأحداث والحالة	عدد صحيح	—	لا فحص موجود اليوم (F-004)	(مقترح MIC)	نعم	—	MISSING	FIX_NOW إضافة فحص	integrityCheckService.ts:38-57
E-028	معاينة تعديل الشراء	معاينة موحدة	paidAfter = initial + later − reversed بلا تقييد	قرش	قبل الحفظ	—	—	—	تعرض قيمة يرفضها المجال	محرر الشراء	يجب تقييدها	مرآة EQ-141	DUPLICATED	FIX_NOW تقييد	SupplierPurchaseEditor.tsx:488-506
E-029	عزو التسليم للفترة	تاريخ الاعتراف	ammanDate(lastEffectiveDelivery.createdAt)	تاريخ	نافذة الفترة	حدث التسليم الفعال	—	—	ثابت UTC+3 (الأردن ألغى DST)	قارئ الفترة	نعم	—	ALIGNED (مرآة تطبيقية)	FIX_NOW نقل للمجال	deliveryAttribution.ts:16-26
E-030	صافي مال المالك	حقوق الملكية	owner money = investments − withdrawals	قرش	لحظي	الأحداث	عدد صحيح	—	—	الوضع المالي	نعم	ليست قيمة المشروع	ALIGNED	PRESERVE	عقد 06
