id	policy	intent	professional_soundness	completeness	stage_fit	owner_decision_required	qualified_review_required	minimum_safe_next_step	evidence
P-001	سياسات النتيجة المالية P0 (عقد 05)	منع عرض رقم أدق من البيانات والسياسة	سليمة مهنيًا	كاملة للنطاق	مطابقة للمرحلة	NO	NO	PRESERVE	عقد 05 كامل
P-002	سياسة الاعتراف عند التسليم (لا قبض تلقائي)	ربط الاعتراف بالأداء لا بالكاش	سليمة	كاملة	مطابقة	NO	NO	PRESERVE	عقد 01:9; عقد 05 §3.2
P-003	أساس قيمة الطلب للسقوف (عقد 02:43)	توحيد أساس المطالبة	سليمة التعريف	تنفيذ ناقص في مساري الدين/العكس (F-001)	مطابقة	YES (دمج #244)	NO	دمج PR #244	عقد 02:43
P-004	سياسة كلفة التوصيل التي يدفعها المشروع	(غير محددة)	غياب السياسة يخل عدم تناظر مؤشر/فترة	ناقصة	مبكرة للقرار	YES (س2: أ/ب/ج)	NO	سطر توضيح ثم قرار	policies.ts:405-407 vs 563-564
P-005	سياسة العربون والاحتفاظ والرد	تسوية صريحة بلا افتراض رد/احتفاظ	سليمة	كاملة للنطاق	مطابقة	NO	YES (ضريبي: عربون محتفظ كإيراد/مال مالك)	توضيح ضرائبي عند Pilot	عقد 02:53-54; policies.ts:1101+
P-006	سياسة نتيجة الفترة المسجلة	صورة فترة صادقة الحدود	سليمة كأداة إدارية	أوسع من نص العقد (F-018)	مطابقة	NO	YES (منهج الاعتراف للمصروف المستحق)	تحديث العقد	عقد 05 §3.2.1
P-007	سياسة المصاريف المشتركة G3	حصة معلنة فقط؛ لا توزيع صامت	سليمة	كاملة	مطابقة	NO	NO	PRESERVE	عقد 14; عقد 05 §6
P-008	سياسة نقطة التعادل (عقد 17)	تعادل بوحدة معلنة ومزيج وافتراضات	الصيغة سليمة	ازدواج أساس الهامش (F-009)	مطابقة للمرحلة	YES (س3)	NO	تمييز الأساس في العنوانين	عقد 17 §6
P-009	سياسة القبض في البيع المباشر	(افتراض ضمني بالقبض الكامل عند غياب الحقل)	مخالفة لمبدأ المجهول≠صفر على مستوى الدالة	ناقصة التوثيق	مقبولة كمسرع استخدام	YES (س10)	NO	توثيق القرار	direct-sale/policies.ts:40
P-010	سياسة مراجعة السجلات المسلمة (review-lock)	حماية النتيجة التاريخية	سليمة وقوية	كاملة (عكس التسليم هو المنفذ الموثق)	مطابقة	NO	NO	PRESERVE	policies.ts:294-300; current-state §32/33
P-011	سياسة الحتمية والكتابة المتقادمة	لا تكرار أثر ولا كتابة عمياء	سليمة	ثغرة تصادم معرف الأحداث (F-051)	مطابقة	NO	NO	حوار تصادم المعرفات	orderCommitGuard.ts; policies.ts:320-323
P-012	سياسة التقريب الموجه	نصف-أعلى للبند، سقف للوحدة، أرضي للإهلاك	سليمة (التقريب يتبع من يحميه)	كاملة ومختبرة	مطابقة	NO	NO	PRESERVE	numeric.ts:102-123; عقد 05 §5.3
P-013	سياسة أمانة المظروف والاستبدال	معاينة ثم استبدال ذري بعد تحقق البصمة والعدادات	سليمة	حقول التحقق لا تغطي شروط التوصيل (F-007)	مطابقة	NO	NO	توسيع المدققين	localTransferService; عقد 39
P-014	سياسة الفائدة على القروض	(لا فائدة)	قرار منتج غير موثق	ناقصة التوثيق	مطابقة كنطاق	NO	YES (أثر غياب كلفة التمويل)	توثيق الحد	src/domain/loan/
P-015	سياسة هجرة الهدر القديم	تصنيف عام للهدر قبل 25	سلوك أمثل للنموذج القديم	توثيق ناقص	مطابقة	NO	NO	سطر في عقد 28	indexedDbMigrations.ts:379-394
