id	type	entry_condition	included_findings	excluded_findings	files_modules	dependencies	owner_decisions_required	qualified_review	focused_verification	acceptance_criteria	rollback_boundary	ui_timing
W-0	domain-safety	قرار المالك بدمج PR #244	F-001,F-005,F-006 (مع الدمج),F-027	كل ما عدا ذلك	src/domain/craft-order, AgreementEditor, OrderDetail, fulfillmentService, اختبارات D-15	PR #244 جاهز وCI أخضر	YES (الدمج)	NO	اختبارات D-15 على main + فحص أساس موحد	أساس واحد + اختبارات خضراء على main	revert PR	يرافقها ذيل الواجهة
W-1	reconciliation-report	بعد دمج W-0	F-004 (تقرير المطابقة)	أي إعادة كتابة سجلات	integrityCheckService + تقرير قراءة فقط	W-0	YES (سياسة الموجود المتأثر)	NO	فحص MIC جديد + تقرير	تقرير مطابقة لكل طلب متأثر بلا كتابة	فحص فقط	بعد الدمج
W-2	terminology-honesty	بعد دمج W-0	F-020,F-021,F-022,F-024,F-028,F-029,F-030,F-031,T-10/T-11 wording	كل تغيير حساب أو معنى	سلاسل نصية + دبابيس اختبارات + القاموس	W-0	YES (س4، صوت T-36)	NO	اختبارات DOM للسلاسل	لا مصطلح ممنوع حي؛ لا تناقض اختياري/إلزامي	كل سلسلة قابلة للرجوع	سلاسل فقط
W-3	governance-truth	فورًا (مستقل عن W-0)	F-033,F-034,F-035,F-036,F-037,F-038,F-039,F-042,F-018,F-032	أي تغيير سلوك	AGENTS.md,current-state,ARCHITECTURE,CHANGELOG,doc-index,عقود 01/05/06/28,المحاكاة,دبابيس group2-6,08-glossary	—	YES (نطاق إعادة التأسيس)	NO	pnpm check + فحوص الدبابيس المحدثة	كل ادعاء حي يطابق الكود والقياس	توثيق+اختبارات فقط	لا يمس UI
W-4	explanation-layer	بعد W-2	F-002,F-003,F-016,F-017,F-010	تغيير أي معادلة	shareMessageService,OrderDetail,Statement,periodComparison,G5DecisionPanel	W-0/W-2 (تسميات)	YES (شكل F-017)	NO	اختبارات DOM رقمية	المعاينة=المكتوب؛ المعاملات تتسق ظاهريًا	لكل سطح	عرض فقط
W-5	guards-hardening	فورًا (مستقل)	F-007,F-043,F-044,F-047,F-051,F-056,F-057,F-058,F-004(فحص),F-049(تقييد)	تغيير سلوك مالي	transferValidators,eslint,check-secrets,check-test-focus,routeTemplate,integrityCheck,SupplierPurchaseEditor	—	YES (اتجاه F-043)	NO	حراس تشتغل على فيكسشرات	كل حارس يفشل على الحالة المزروعة	إعداد/اختبار لكل حارس	بلا UI
W-6	policy-decisions	قرارات المالك	F-008,F-009,F-013,F-015,F-019,F-023,F-025,F-026	تنفيذ قبل القرار	عقود 05/02/17/جديد للبيع المباشر	قرارات س1-س5,س10	YES (كل البند)	YES (F-060)	نصوص قرارات	قرار موثق لكل سؤال	توثيق	لا يبدأ UI قبل القرار
W-7	mirror-reduction	بعد W-0	F-049 (الباقي),F-050	—	deliveryAttribution,QuickSaleForm,retainedDepositService,types	W-5	NO	NO	اختبارات تكافؤ	مرآة واحدة لكل قيمة أو استيراد المجال	نقل+اختبار	لا UI
W-8	storage-history-docs	فورًا (مستقل)	F-052,F-053,F-054,F-055,F-061	ترحيل بيانات	عقد 28,JSDoc,عقد 05	—	YES (عتبة F-055)	NO	توثيق+اختبارات تثبيت	كل خيار هجرة موثق ومختبر	توثيق	لا UI
W-9	structural-owner-waves	بوابات مالك متتابعة	F-045,F-048 (خريطة هدف)	—	index.css,craft-order,مهايئان,projectFinancialService	خريطة هدف S4	YES (كل موجة)	NO	اختبارات مجمّدة + حارس computed-style	تقسيم بلا تغيير سلوك	بوابة كل موجة	يتبع قرارات المالك
