id	term_ar	term_en	surfaces	ambiguity_verdict	recommended_ar	recommended_en	forbidden_aliases	consumers_migration	action	decision_gate	evidence
T-01	مبيعات اليوم/الشهر	totalSales (local)	Home.tsx:597-606; homeControlCenterService.ts:536-565; Setup.tsx:214; HomeRedesign.w43.dom.test.tsx:162-168	MISLEADING: إيراد مسجل يعرض كـ«مبيعات» بحالة known وhonestNote:null	مبيعات مسجلة اليوم/الشهر (+ سطر منها X غير محصّل إن وافق المالك)	recordedSales	«مبيعات مقبوضة» للمسجل	الرئيسية، الإعداد، 4 ملفات اختبار	FIX_NOW	OWNER (س4)	homeControlCenterService.ts:536-546
T-02	صافي حركة الكاش	cashNetMinor	Statement.tsx:506,510; statementMarkdownService.ts:51,54	ACCEPTABLE مع تنويه إلزامي موجود	إبقاء + منع اختصار التنويه	cashNetMinor	حذف المؤهل	كشف+تصدير+اختبار	PRESERVE	NONE	Statement.tsx:506
T-03	سجّل الإهلاك المستحق	proposedMinor	AssetDetail.tsx:174,195; Assets.tsx:146	MISLEADING: «مستحق» توحي بالتزام نقدي وهي اقتراح غير نقدي	إهلاك مقترح للتسجيل (غير نقدي)	proposedDepreciationMinor	«مستحق» للإهلاك	صفحات الأصول	FIX_NOW	NONE	AssetDetail.tsx:174
T-04	متأخر	overdue	FinanceUpcoming.tsx:31,99; Suppliers.tsx:30; RecurringExpenseDetail.tsx:63; Schedule.tsx:222; Home.tsx:487	OVERLOADED: دين حقيقي مقابل انتباه تشغيلي	«متأخر عن موعده» للدين + مؤهل «انتباه لا دين» لغيره	overdue	«متأخر» مجردًا بجانب مال	القادم/المتأخر الموحد	DEFER	OWNER	FinanceUpcoming.tsx:31
T-05	يحتاج مراجعة	needs_review	types.ts:15,41,108; direct-sale/types.ts:33; G5DeclarationEditor.tsx:187; FinancialEventEditor.tsx:1256; inventoryMaterialService.ts:445; stateAdapter.ts:98	OVERLOADED: 8 معانٍ من القفل إلى علم المعرفة	تمييز: مقفل للمراجعة / بانتظار قرارك / الفرق لم يُقرر / بيانات ناقصة	keep enums + أسماء موثقة	خلط القفل بالقرار	كل أسطح الحالة	DEFER	OWNER	types.ts:108
T-06	نتيجة الطلب	profitIndicatorMinor	OrderDetail.tsx:61,898-906; glossary 08:17	CORRECT	إبقاء	keep	«ربح مؤكد»	صفحة الطلب	PRESERVE	NONE	OrderDetail.tsx:898
T-07	الربح التقديري	orderResultBreakdown	OrderDetail.tsx:1642-1656	CORRECT موسوم دائمًا	إبقاء	keep	عرض تقديري بلا وسم	صفحة الطلب	PRESERVE	NONE	OrderDetail.tsx:1642
T-08	كم وحدة تغطي…/وحدات التعادل	breakEvenUnits	G5DecisionPanel.tsx:164,182-184; FinancePeriodResultSection.tsx:424,430; U07.dom.test.tsx:163,190	MISLEADING: أساسان تحت عائلة واحدة	تسمية الأساس في العنوانين حتى قرار التوحيد	breakEvenUnits + expose basis	مقارنة الرقمين بلا أساس	G5+المالية+اختبار	DEFER	OWNER (س3)	G5DecisionPanel.tsx:182
T-09	مسؤولية كلفة التوصيل (اختيار واحد)	DeliveryResponsibility	policies.ts:66-71 (DELIVERY_RESPONSIBILITY_AR في المجال!); AgreementEditor.tsx:533-537; OrderDetail.tsx:1708	ACCEPTABLE الآن — يعقبه نموذج الصندوقين في #244	اعتماد مسميات الصندوقين بعد الدمج	deliveryContribution	إعادة اختيار واحد بعد الدمج	محرر الاتفاق	DEFER	OWNER (دمج #244)	AgreementEditor.tsx:533
T-10	المتبقي	receivableMinor	OrderDetail.tsx:856-919,1254,1354-1412; Orders.tsx:35; Collect.tsx:165; shareMessageService.ts:98	MISLEADING بعد D-15: أساسان لنفس الكلمة	«المتبقي من قيمة الطلب» في كل موضع	keep receivableMinor	«المتبقي من السعر» لمواضع السقف	أوراق التحصيل، المشاركة	FIX_NOW (بعد الدمج)	OWNER (س1)	policies.ts:348 vs 795
T-11	قيمة الطلب (القابلة للتحصيل)	orderValueMinor	policies.ts:390-395; agreementService.ts:117-128; OrderDetail.tsx:615,621	INCONSISTENT: الاسم الكنوني في بعض الرسائل فقط	توحيد التسمية في رسائل السقف	keep	«السعر المتفق» كأساس سقف	رسائل الحواري	FIX_NOW	NONE	policies.ts:684-685
T-12	السعر المتفق (عليه)	agreedPriceMinor	types.ts:185; OrderDetail.tsx:913; craft-order.test.ts:352,364	CORRECT كحقل؛ MISNAMED كسقف دين في الأوراكلات	إبقاء الحقل؛ تصحيح الأوراكلات	keep	—	اختبارات+رسائل	DEFER (يرافق D-15)	OWNER	craft-order.test.ts:352
T-13	إيراد معترف به	recognizedRevenueMinor	Statement.tsx:591; statementMarkdownService.ts:102; profitToCashBridgeService.ts:287-288	GLOSSARY_VIOLATION: ممنوع لصالح «المحتسب عند التسليم»	«المحتسب عند التسليم»	keep internal	«الإيراد المعترف به» في أسطح المستخدم/التصدير	كشف+تصدير+جسر	FIX_NOW	NONE	glossary:93
T-14	الفعل التالي	nextAction	OrderDetail.tsx:774,1610-1611; DeliveryReview.tsx:564; OrdJourneys.dom.test.tsx:349	GLOSSARY_VIOLATION: ممنوع لصالح «الخطوة التالية»	«الخطوة التالية»	keep	«الفعل التالي» في الواجهة	صفحة الطلب	FIX_NOW	NONE	glossary:102
T-15	التسوية (4+ معانٍ)	settled/settlementStatus/depositSettlement/count/bridge	policies.ts:58; OrderDepositPanels.tsx:294; CashCount.tsx:132; profitToCashBridgeService.ts:380; shareMessageService.ts:164	OVERLOADED: كلمة واحدة لأربعة مفاهيم	إبقاء الكلمة مع سياق إلزامي (تسوية الطلب/العربون/الصندوق/فرق غير مفسر)	—	«التسوية» مجردة لفرق الجسر	أسطح متعددة	DEFER (قاموس)	OWNER	glossary:113
T-16	مغلق (عرض) vs تمت التسوية (دومين)	OrderStatus settled	orderAgreementPresentation.ts:87; policies.ts:58; Orders.ui.test.tsx:500	INCONSISTENT: اسمان رسميان مثبتان لحالة واحدة	اسم كنوني واحد بقرار	keep settled	اسم ثالث جديد	قوائم+صفحة الطلب	DEFER	OWNER	orderAgreementPresentation.ts:87
T-17	حالة المعرفة/درجة المعرفة	KnowledgeState	CostCalculator.tsx:529; DraftEditor.tsx:76; integrityCheckService.ts:670,1459	INCONSISTENT مع تفويض «حالة الرقم»	«حالة الرقم» في كل سطح مرئي؛ MIC-9: «صدق حالة الرقم»	keep	«درجة المعرفة» في الواجهة	حاسبة+مسودة+سلامة	FIX_NOW	NONE	glossary:103
T-18	غير متاح (3 معانٍ)	unavailable/not-found/unreadable	FinancePeriodResultSection.tsx:17+; assetService.ts:172+; ToolsIntegrity.tsx:40,140	OVERLOADED: قيمة مجهولة/سجل غائب/فحص غير مقروء	تفريق: غير متاح (قيمة)/غير موجود محليًا/فحص غير مقروء	valueUnknown vs notFound	«غير متاح» للغائب	~12 موضع رسائل	FIX_NOW	NONE	glossary:59
T-19	غير محدد بعد/غير مسجل/صفر مقيس	unrecorded/unknown/zero	stateAdapter.ts:16,132-149; Home.tsx:60; MaterialEditor.tsx:390	CORRECT: ثلاث فراغات صادقة مفروزة	إبقاء	keep	«0.00» للمجهول	أسطح الفراغ	PRESERVE	NONE	stateAdapter.test.ts
T-20	بنود/قوالب الكتالوج	catalogItems/Templates	influentialSnapshotFamilies.ts:48,54 vs navigation.ts:48	INCONSISTENT مع قرار N-06 «منتجاتي وخدماتي»	«بنود منتجاتي وخدماتي»	keep keys	«الكتالوج» في نصوص جديدة	رسائل التصدير/الاستعادة	FIX_NOW	NONE	influentialSnapshotFamilies.ts:48
T-21	شو عليّ؟	obligations surface	FinanceObligationsCard.tsx:38; Foundation.tsx:90	ACCEPTABLE بصوت المنتج — يحتاج مدخل قاموس	إبقاء + توثيق	—	خلط العامية داخل جملة مالية	بطاقة الالتزامات	PRESERVE+قاموس	NONE	glossary:63-65
T-22	التغطية (معنيان)	coverage	FinancePeriodResultSection.tsx:409; CashDistribution.tsx:158,191; withdrawalWalletGuard.ts:10	OVERLOADED: هامش يغطي الثابتة مقابل محفظة تغطي السحب	«تغطية المحفظة»/«رصيد يكفي» لمعنى المحفظة	keep	«التغطية» مجردة للمحفظة	مالية+سحب	DEFER	OWNER	CashVocabulary.w43.dom.test.tsx:145
T-23	الكاش المسجل	recordedCashMinor	Finance.tsx:516,519; projectFinancialService.ts:926-943	ACCEPTABLE مع إفصاح؛ ينقص مدخل القاموس	إبقاء + مدخل قاموس (ليس صافي ثروة)	keep	«رصيدي/ثروتي»	الوضع المالي	PRESERVE+قاموس	NONE	Finance.tsx:516
T-24	البيع المباشر	directSale	navigation.ts:45; Orders.tsx:194; directSaleService.ts:66-79	CORRECT	إبقاء + مدخل	keep	—	التنقل والطلبات	PRESERVE+قاموس	NONE	navigation.ts:45
T-25	دفتر الناس	parties	navigation.ts:29; OrderDetail.tsx:489-530	CORRECT اسم منتج	إبقاء + مدخل	keep	«الذمم/دفتر العملاء»	التنقل	PRESERVE+قاموس	NONE	navigation.ts:29
T-26	ورقة التحصيل	Collect	navigation.ts:44; Collect.tsx:2,226	CORRECT	إبقاء + مدخل	keep	«تحصيل» كاسم للدين	التنقل	PRESERVE+قاموس	NONE	glossary:48
T-27	سلامة الحسابات / MIC	integrity checks	navigation.ts:32; ToolsIntegrity.tsx:40,140; integrityCheckService.ts:1454-1468	CORRECT	إبقاء + مداخل	keep MIC ids داخليًا	عدّ غير المقروء فشلًا	أدوات/تشخيص	PRESERVE+قاموس	NONE	glossary:59
T-28	نسخة احتياطية/مظروف التصدير	export envelope	localTransferService.ts:226-249; transferEnvelope.ts:15-75	CORRECT	إبقاء + مدخل	keep	—	الإعدادات	PRESERVE+قاموس	NONE	localTransferService.ts:226
T-29	حق المالك/رأس المال والسحب	ownerEntitlement	OwnerEntitlement.tsx:755; ownerEntitlementPresentation.ts:28	CORRECT مع تفويض القاموس	إبقاء	keep	«استحقاق» في واجهة المالك	حقوق المالك	PRESERVE	NONE	glossary:100
T-30	عربون محتفظ به (مصنف)	retainedDeposit	types.ts:152-155; DepositsLayer.tsx:31,47	CORRECT بانتظار القرار null	إبقاء + مدخل	keep	تصنيف صامت	طبقات العربون	PRESERVE+قاموس	NONE	types.ts:152
T-31	أمانة	amanah	activityLabels.ts:37,53; integrityCheckService.ts:650	CORRECT — ينقص مدخل	إبقاء + مدخل	keep	معاملة الأمانة ككاش حر	النشاط/سلامة	PRESERVE+قاموس	NONE	activityLabels.ts:37
T-32	settlementStatus (معرف EN)	settlementStatus	types.ts:110-118; policies.ts:345-352	MISNAMED (EN): يرصد اكتمال القبض لا «التسوية» المحاسبية	إبقاء المعرف + توثيق الخريطة في القاموس	keep	إعادة تسمية المعرف	doc-only	DEFER (قاموس)	NONE	types.ts:110
T-33	أجرة التوصيل عبر المشروع	feeChargedMinor	types.ts:30-32; policies.ts:371-377	CORRECT	إبقاء	keep	—	شروط التوصيل	PRESERVE	NONE	types.ts:30
T-34	المقبوض	collectedMinor	OrderDetail.tsx:856,873; glossary 08:21	CORRECT	إبقاء	keep	—	أسطح التحصيل	PRESERVE	NONE	glossary:21
T-35	قبض/دفع متوقع	G5 declarations	G5DecisionPanel.tsx:215,227; Finance.tsx:1025	CORRECT مع تفويض القاموس	إبقاء	keep	«إعلان/معلن»	G5	PRESERVE	NONE	glossary:90
T-36	لماذا يختلف الربح عن الكاش؟	bridge header	Finance.tsx:863	MISLEADING خفيف: الجسر لنتيجة الفترة المسجلة لا «الربح»	«لماذا تختلف النتيجة عن الكاش؟»	keep	—	جسر المالية	FIX_NOW	OWNER (صوت)	Finance.tsx:863
T-37	نتيجة الفترة المسجلة	recordedPeriodResult	Statement.tsx:580; Finance.tsx:894,925-929	CORRECT حرفيًا للعقد	إبقاء	keep	«صافي الربح التشغيلي»	الكشف/المالية	PRESERVE	NONE	عقد 05 §3.2.1
T-38	تراجع موثق	reverseDelivery/collection_reversed	OrderDetail.tsx:1026-1031,1303-1349; CorrectionsLayer.tsx:32	CORRECT	إبقاء	keep	«اعكس» في الواجهة	التصحيحات	PRESERVE	NONE	glossary:99
T-39	مبلغ وبند اختياري (التناقض)	—	QuickActionSheet.tsx:208 vs expenseFormModel.ts:27	CONTRADICTION (FI-003)	«المبلغ والبند مطلوبان — التصنيف والتاريخ اختياريان»	—	وعد اختيارية ينقضه تحقق	الورقة الأكثر تكرارًا	FIX_NOW	NONE	QuickActionSheet.tsx:208
T-40	لن يُحفظ شيء تلقائيًا…	UnsavedChangesGuard	UnsavedChangesGuard.tsx:270-271 vs useFormDraft.ts:79-112	MISLEADING (FI-004): ينكر المسودة التلقائية	«لن يُسجَّل حدث مالي تلقائيًا؛ مسودتك محفوظة محليًا»	—	ادعاء فقدان مطلق مع مسودة	كل المحررات	FIX_NOW	NONE	UnsavedChangesGuard.tsx:271
